Reference,Item,Sheet File,Sheet Path,Lib ID,Value,Footprint,Manufacturer,Manufacturer Part Number,DNP,Symbol UUID
BT1,1,som_power.kicad_sch,/f569b0be-0afd-48b7-93ee-28582a4c645c/33df10a9-5b30-4fa6-b34e-d62ce1b48c65,antmicroBatteryHoldersClipsContacts:Battery_Holder_MS621FE-FL11E,Battery_Holder_MS621FE-FL11E,antmicro-footprints:MS621FE-FL11E,Seiko Instruments,MS621FE-FL11E,,323622c4-596e-4c4f-b964-5b529d71b233
C1,2,som_io.kicad_sch,/f569b0be-0afd-48b7-93ee-28582a4c645c/5e8e155a-019a-4868-a371-a2eb1e119b3e,antmicroCapacitors0402:C_100n_0402,C_100n_0402,antmicro-footprints:C_0402_1005Metric,Murata,GRM155R61H104KE14D,,c9b500ee-1fef-4a6c-8cb2-090d697923f1
C2,2,som_io.kicad_sch,/f569b0be-0afd-48b7-93ee-28582a4c645c/5e8e155a-019a-4868-a371-a2eb1e119b3e,antmicroCapacitors0402:C_100n_0402,C_100n_0402,antmicro-footprints:C_0402_1005Metric,Murata,GRM155R61H104KE14D,,66b08e0f-d365-4600-aacd-73fb528e1a16
C3,3,som_power.kicad_sch,/f569b0be-0afd-48b7-93ee-28582a4c645c/33df10a9-5b30-4fa6-b34e-d62ce1b48c65,antmicroCapacitors0402:C_10u_0402,C_10u_0402,antmicro-footprints:C_0402_1005Metric,YAGEO,CC0402MRX5R5BB106,,82af7ab2-bd4e-4134-b319-33af7a5e373b
C4,3,som_power.kicad_sch,/f569b0be-0afd-48b7-93ee-28582a4c645c/33df10a9-5b30-4fa6-b34e-d62ce1b48c65,antmicroCapacitors0402:C_10u_0402,C_10u_0402,antmicro-footprints:C_0402_1005Metric,YAGEO,CC0402MRX5R5BB106,,3925023e-7528-4d81-84b9-c7e834291e66
C5,2,expansion_connector.kicad_sch,/f569b0be-0afd-48b7-93ee-28582a4c645c/5fb038ee-4d59-43de-81a4-b4c993aa7149,antmicroCapacitors0402:C_100n_0402,C_100n_0402,antmicro-footprints:C_0402_1005Metric,Murata,GRM155R61H104KE14D,,3b69a97f-4351-4b21-9f05-488d9996a629
C6,2,dcdc.kicad_sch,/f569b0be-0afd-48b7-93ee-28582a4c645c/24bfa3d1-0a03-41a0-8beb-0ef00bfb4ba3,antmicroCapacitors0402:C_100n_0402,C_100n_0402,antmicro-footprints:C_0402_1005Metric,Murata,GRM155R61H104KE14D,,dc6b9fd4-02d4-4e2b-944a-18fe3461b25c
C7,4,som_power.kicad_sch,/f569b0be-0afd-48b7-93ee-28582a4c645c/33df10a9-5b30-4fa6-b34e-d62ce1b48c65,antmicroCapacitors0603:C_22u_16V_0603,C_22u_16V_0603,antmicro-footprints:C_0603_1608Metric_EIA,Samsung Electro-Mechanics,CL10A226MO7JZNC,,1fd8179b-49fa-40a8-8348-fcafa23df3c5
C9,2,som_io.kicad_sch,/f569b0be-0afd-48b7-93ee-28582a4c645c/5e8e155a-019a-4868-a371-a2eb1e119b3e,antmicroCapacitors0402:C_100n_0402,C_100n_0402,antmicro-footprints:C_0402_1005Metric,Murata,GRM155R61H104KE14D,,16972c32-759e-4330-a8d3-98a9650f9954
C10,2,som_io.kicad_sch,/f569b0be-0afd-48b7-93ee-28582a4c645c/5e8e155a-019a-4868-a371-a2eb1e119b3e,antmicroCapacitors0402:C_100n_0402,C_100n_0402,antmicro-footprints:C_0402_1005Metric,Murata,GRM155R61H104KE14D,,58af3fbe-bc12-4513-8421-07b99b97dd5e
C11,2,som_io2.kicad_sch,/f569b0be-0afd-48b7-93ee-28582a4c645c/656db8bb-c788-4c93-9592-ce18fa1a48a2,antmicroCapacitors0402:C_100n_0402,C_100n_0402,antmicro-footprints:C_0402_1005Metric,Murata,GRM155R61H104KE14D,,d396f48f-5cc2-40ca-a663-9531208a498d
C12,3,som_power.kicad_sch,/f569b0be-0afd-48b7-93ee-28582a4c645c/33df10a9-5b30-4fa6-b34e-d62ce1b48c65,antmicroCapacitors0402:C_10u_0402,C_10u_0402,antmicro-footprints:C_0402_1005Metric,YAGEO,CC0402MRX5R5BB106,,e6d27747-9888-47b6-8ef2-50512fb2c98a
C13,3,som_power.kicad_sch,/f569b0be-0afd-48b7-93ee-28582a4c645c/33df10a9-5b30-4fa6-b34e-d62ce1b48c65,antmicroCapacitors0402:C_10u_0402,C_10u_0402,antmicro-footprints:C_0402_1005Metric,YAGEO,CC0402MRX5R5BB106,,ce4b8fa3-28ea-4854-aaf7-a82080a0ab56
C14,3,som_power.kicad_sch,/f569b0be-0afd-48b7-93ee-28582a4c645c/33df10a9-5b30-4fa6-b34e-d62ce1b48c65,antmicroCapacitors0402:C_10u_0402,C_10u_0402,antmicro-footprints:C_0402_1005Metric,YAGEO,CC0402MRX5R5BB106,,4c9a8a7b-4b0d-401c-a920-b65f0bff5e5f
C15,3,som_power.kicad_sch,/f569b0be-0afd-48b7-93ee-28582a4c645c/33df10a9-5b30-4fa6-b34e-d62ce1b48c65,antmicroCapacitors0402:C_10u_0402,C_10u_0402,antmicro-footprints:C_0402_1005Metric,YAGEO,CC0402MRX5R5BB106,,72290362-07fb-4bb0-8e06-36f8aa00f4cc
C16,3,som_power.kicad_sch,/f569b0be-0afd-48b7-93ee-28582a4c645c/33df10a9-5b30-4fa6-b34e-d62ce1b48c65,antmicroCapacitors0402:C_10u_0402,C_10u_0402,antmicro-footprints:C_0402_1005Metric,YAGEO,CC0402MRX5R5BB106,,b1fc23e4-ed95-42cc-9a3e-3a391ffc53ed
C17,2,som_power.kicad_sch,/f569b0be-0afd-48b7-93ee-28582a4c645c/33df10a9-5b30-4fa6-b34e-d62ce1b48c65,antmicroCapacitors0402:C_100n_0402,C_100n_0402,antmicro-footprints:C_0402_1005Metric,Murata,GRM155R61H104KE14D,,eab64957-b801-46cd-8b08-bad5f8771114
C18,2,som_power.kicad_sch,/f569b0be-0afd-48b7-93ee-28582a4c645c/33df10a9-5b30-4fa6-b34e-d62ce1b48c65,antmicroCapacitors0402:C_100n_0402,C_100n_0402,antmicro-footprints:C_0402_1005Metric,Murata,GRM155R61H104KE14D,,8f137065-f12c-453a-8413-eb6cbfa72b85
C19,4,som_power.kicad_sch,/f569b0be-0afd-48b7-93ee-28582a4c645c/33df10a9-5b30-4fa6-b34e-d62ce1b48c65,antmicroCapacitors0603:C_22u_16V_0603,C_22u_16V_0603,antmicro-footprints:C_0603_1608Metric_EIA,Samsung Electro-Mechanics,CL10A226MO7JZNC,,18645fd2-5e85-49ab-9134-7ec3755b808e
C20,4,som_power.kicad_sch,/f569b0be-0afd-48b7-93ee-28582a4c645c/33df10a9-5b30-4fa6-b34e-d62ce1b48c65,antmicroCapacitors0603:C_22u_16V_0603,C_22u_16V_0603,antmicro-footprints:C_0603_1608Metric_EIA,Samsung Electro-Mechanics,CL10A226MO7JZNC,,571ef5d2-60ad-47f8-a75a-0be0b9b5f5b0
C21,4,som_power.kicad_sch,/f569b0be-0afd-48b7-93ee-28582a4c645c/33df10a9-5b30-4fa6-b34e-d62ce1b48c65,antmicroCapacitors0603:C_22u_16V_0603,C_22u_16V_0603,antmicro-footprints:C_0603_1608Metric_EIA,Samsung Electro-Mechanics,CL10A226MO7JZNC,,00f5cd37-3e49-4b5d-aa5b-ac77454c3e63
C22,4,som_power.kicad_sch,/f569b0be-0afd-48b7-93ee-28582a4c645c/33df10a9-5b30-4fa6-b34e-d62ce1b48c65,antmicroCapacitors0603:C_22u_16V_0603,C_22u_16V_0603,antmicro-footprints:C_0603_1608Metric_EIA,Samsung Electro-Mechanics,CL10A226MO7JZNC,,94ad4425-e3d2-4040-b351-7b921d58ae6c
C23,4,som_power.kicad_sch,/f569b0be-0afd-48b7-93ee-28582a4c645c/33df10a9-5b30-4fa6-b34e-d62ce1b48c65,antmicroCapacitors0603:C_22u_16V_0603,C_22u_16V_0603,antmicro-footprints:C_0603_1608Metric_EIA,Samsung Electro-Mechanics,CL10A226MO7JZNC,,30c8b794-24ca-48e6-aacf-2c9e3d589aa9
C24,4,som_power.kicad_sch,/f569b0be-0afd-48b7-93ee-28582a4c645c/33df10a9-5b30-4fa6-b34e-d62ce1b48c65,antmicroCapacitors0603:C_22u_16V_0603,C_22u_16V_0603,antmicro-footprints:C_0603_1608Metric_EIA,Samsung Electro-Mechanics,CL10A226MO7JZNC,,ec644051-8673-4f65-b67d-27fecba2e22a
C25,3,som_power.kicad_sch,/f569b0be-0afd-48b7-93ee-28582a4c645c/33df10a9-5b30-4fa6-b34e-d62ce1b48c65,antmicroCapacitors0402:C_10u_0402,C_10u_0402,antmicro-footprints:C_0402_1005Metric,YAGEO,CC0402MRX5R5BB106,,b9c061ff-293e-486c-909b-8cd6af2e3e5f
C26,5,som_power.kicad_sch,/f569b0be-0afd-48b7-93ee-28582a4c645c/33df10a9-5b30-4fa6-b34e-d62ce1b48c65,antmicroCapacitorsmisc:C_22u_25V_0805,C_22u_25V_0805,antmicro-footprints:C_0805_2012Metric,Samsung Electro-Mechanics,CL21A226MAYNNNE,,0c221d11-c90e-4c73-a3ef-0946b0c704f1
C27,5,som_power.kicad_sch,/f569b0be-0afd-48b7-93ee-28582a4c645c/33df10a9-5b30-4fa6-b34e-d62ce1b48c65,antmicroCapacitorsmisc:C_22u_25V_0805,C_22u_25V_0805,antmicro-footprints:C_0805_2012Metric,Samsung Electro-Mechanics,CL21A226MAYNNNE,,19cf2aab-6f1c-4b09-b181-36b0505df1c0
C28,5,dcdc.kicad_sch,/f569b0be-0afd-48b7-93ee-28582a4c645c/24bfa3d1-0a03-41a0-8beb-0ef00bfb4ba3,antmicroCapacitorsmisc:C_22u_25V_0805,C_22u_25V_0805,antmicro-footprints:C_0805_2012Metric,Samsung Electro-Mechanics,CL21A226MAYNNNE,,7688ce88-24ba-42bc-9d73-9b6c6cb722b4
C29,5,dcdc.kicad_sch,/f569b0be-0afd-48b7-93ee-28582a4c645c/24bfa3d1-0a03-41a0-8beb-0ef00bfb4ba3,antmicroCapacitorsmisc:C_22u_25V_0805,C_22u_25V_0805,antmicro-footprints:C_0805_2012Metric,Samsung Electro-Mechanics,CL21A226MAYNNNE,,d7b37754-8b95-4a3e-bf42-87fa0fce07a0
C31,4,dcdc.kicad_sch,/f569b0be-0afd-48b7-93ee-28582a4c645c/24bfa3d1-0a03-41a0-8beb-0ef00bfb4ba3,antmicroCapacitors0603:C_22u_16V_0603,C_22u_16V_0603,antmicro-footprints:C_0603_1608Metric_EIA,Samsung Electro-Mechanics,CL10A226MO7JZNC,,2670175b-9563-4717-a9f7-19bb69093f0b
C32,4,dcdc.kicad_sch,/f569b0be-0afd-48b7-93ee-28582a4c645c/24bfa3d1-0a03-41a0-8beb-0ef00bfb4ba3,antmicroCapacitors0603:C_22u_16V_0603,C_22u_16V_0603,antmicro-footprints:C_0603_1608Metric_EIA,Samsung Electro-Mechanics,CL10A226MO7JZNC,,afd53b02-9bb7-4203-84f8-f474ee5298cc
C33,2,dcdc.kicad_sch,/f569b0be-0afd-48b7-93ee-28582a4c645c/24bfa3d1-0a03-41a0-8beb-0ef00bfb4ba3,antmicroCapacitors0402:C_100n_0402,C_100n_0402,antmicro-footprints:C_0402_1005Metric,Murata,GRM155R61H104KE14D,,030953d1-4274-4385-9c69-d6eda13cceed
C35,4,dcdc.kicad_sch,/f569b0be-0afd-48b7-93ee-28582a4c645c/24bfa3d1-0a03-41a0-8beb-0ef00bfb4ba3,antmicroCapacitors0603:C_22u_16V_0603,C_22u_16V_0603,antmicro-footprints:C_0603_1608Metric_EIA,Samsung Electro-Mechanics,CL10A226MO7JZNC,,f7db5ead-65f4-4d5f-bc41-e551cd187c2c
C36,2,dcdc.kicad_sch,/f569b0be-0afd-48b7-93ee-28582a4c645c/24bfa3d1-0a03-41a0-8beb-0ef00bfb4ba3,antmicroCapacitors0402:C_100n_0402,C_100n_0402,antmicro-footprints:C_0402_1005Metric,Murata,GRM155R61H104KE14D,,f1805126-cc06-41b9-9ed8-9f4d5584965f
C37,4,dcdc.kicad_sch,/f569b0be-0afd-48b7-93ee-28582a4c645c/24bfa3d1-0a03-41a0-8beb-0ef00bfb4ba3,antmicroCapacitors0603:C_22u_16V_0603,C_22u_16V_0603,antmicro-footprints:C_0603_1608Metric_EIA,Samsung Electro-Mechanics,CL10A226MO7JZNC,,22315310-7302-4b7d-a87d-49eff72d5b23
C39,2,som_power.kicad_sch,/f569b0be-0afd-48b7-93ee-28582a4c645c/33df10a9-5b30-4fa6-b34e-d62ce1b48c65,antmicroCapacitors0402:C_100n_0402,C_100n_0402,antmicro-footprints:C_0402_1005Metric,Murata,GRM155R61H104KE14D,,5069caed-858b-4228-bf4c-6376edf57334
C40,2,som_power.kicad_sch,/f569b0be-0afd-48b7-93ee-28582a4c645c/33df10a9-5b30-4fa6-b34e-d62ce1b48c65,antmicroCapacitors0402:C_100n_0402,C_100n_0402,antmicro-footprints:C_0402_1005Metric,Murata,GRM155R61H104KE14D,,6974644f-9427-4c82-a958-d93ccf80c814
C41,2,som_power.kicad_sch,/f569b0be-0afd-48b7-93ee-28582a4c645c/33df10a9-5b30-4fa6-b34e-d62ce1b48c65,antmicroCapacitors0402:C_100n_0402,C_100n_0402,antmicro-footprints:C_0402_1005Metric,Murata,GRM155R61H104KE14D,,8a229dc4-4edc-445d-a9bd-d6416f90c904
C42,5,dcdc.kicad_sch,/f569b0be-0afd-48b7-93ee-28582a4c645c/24bfa3d1-0a03-41a0-8beb-0ef00bfb4ba3,antmicroCapacitorsmisc:C_22u_25V_0805,C_22u_25V_0805,antmicro-footprints:C_0805_2012Metric,Samsung Electro-Mechanics,CL21A226MAYNNNE,,28ea9fba-2d46-41ef-a942-282643952851
C43,5,dcdc.kicad_sch,/f569b0be-0afd-48b7-93ee-28582a4c645c/24bfa3d1-0a03-41a0-8beb-0ef00bfb4ba3,antmicroCapacitorsmisc:C_22u_25V_0805,C_22u_25V_0805,antmicro-footprints:C_0805_2012Metric,Samsung Electro-Mechanics,CL21A226MAYNNNE,,edc643f8-f064-41c3-b310-de09bc28b19f
C44,2,usb_debug_pd.kicad_sch,/f569b0be-0afd-48b7-93ee-28582a4c645c/12c19ba5-8fdc-4775-a33b-e8b1ade01b0a,antmicroCapacitors0402:C_100n_0402,C_100n_0402,antmicro-footprints:C_0402_1005Metric,Murata,GRM155R61H104KE14D,,6d99ad0d-80a7-4b40-98ae-a8ea70ccbf84
C45,5,dcdc.kicad_sch,/f569b0be-0afd-48b7-93ee-28582a4c645c/24bfa3d1-0a03-41a0-8beb-0ef00bfb4ba3,antmicroCapacitorsmisc:C_22u_25V_0805,C_22u_25V_0805,antmicro-footprints:C_0805_2012Metric,Samsung Electro-Mechanics,CL21A226MAYNNNE,,bfbea697-9081-4fb6-b56b-12db9918de6c
C46,5,dcdc.kicad_sch,/f569b0be-0afd-48b7-93ee-28582a4c645c/24bfa3d1-0a03-41a0-8beb-0ef00bfb4ba3,antmicroCapacitorsmisc:C_22u_25V_0805,C_22u_25V_0805,antmicro-footprints:C_0805_2012Metric,Samsung Electro-Mechanics,CL21A226MAYNNNE,,96e107e1-fc85-4a89-aeba-64a1d3940775
C47,2,usb_hub.kicad_sch,/f569b0be-0afd-48b7-93ee-28582a4c645c/3fd0fbfa-9a42-4c7b-8c1c-08c3e88df372,antmicroCapacitors0402:C_100n_0402,C_100n_0402,antmicro-footprints:C_0402_1005Metric,Murata,GRM155R61H104KE14D,,2fa61876-4f31-4c04-998e-36a4380ab83d
C48,2,dcdc.kicad_sch,/f569b0be-0afd-48b7-93ee-28582a4c645c/24bfa3d1-0a03-41a0-8beb-0ef00bfb4ba3,antmicroCapacitors0402:C_100n_0402,C_100n_0402,antmicro-footprints:C_0402_1005Metric,Murata,GRM155R61H104KE14D,,6d4b87f7-54ab-424f-8ac4-7a0e0945956a
C49,2,dcdc.kicad_sch,/f569b0be-0afd-48b7-93ee-28582a4c645c/24bfa3d1-0a03-41a0-8beb-0ef00bfb4ba3,antmicroCapacitors0402:C_100n_0402,C_100n_0402,antmicro-footprints:C_0402_1005Metric,Murata,GRM155R61H104KE14D,,82363c57-feda-4731-95a9-abec7b6dbe77
C50,5,expansion_connector.kicad_sch,/f569b0be-0afd-48b7-93ee-28582a4c645c/5fb038ee-4d59-43de-81a4-b4c993aa7149,antmicroCapacitorsmisc:C_22u_25V_0805,C_22u_25V_0805,antmicro-footprints:C_0805_2012Metric,Samsung Electro-Mechanics,CL21A226MAYNNNE,,dbe2cff4-4c27-408d-8c5d-d689923a4b76
C51,2,dcdc.kicad_sch,/f569b0be-0afd-48b7-93ee-28582a4c645c/24bfa3d1-0a03-41a0-8beb-0ef00bfb4ba3,antmicroCapacitors0402:C_100n_0402,C_100n_0402,antmicro-footprints:C_0402_1005Metric,Murata,GRM155R61H104KE14D,,f41842b3-d19c-4935-a48a-b316e63f4fd4
C52,6,dcdc.kicad_sch,/f569b0be-0afd-48b7-93ee-28582a4c645c/24bfa3d1-0a03-41a0-8beb-0ef00bfb4ba3,antmicroCapacitors0402:C_1u_0402,C_1u_0402,antmicro-footprints:C_0402_1005Metric,TDK,C1005X6S1A105K050BC,,abbd222b-0e1a-4885-917f-a6b4792e18e5
C53,6,dcdc.kicad_sch,/f569b0be-0afd-48b7-93ee-28582a4c645c/24bfa3d1-0a03-41a0-8beb-0ef00bfb4ba3,antmicroCapacitors0402:C_1u_0402,C_1u_0402,antmicro-footprints:C_0402_1005Metric,TDK,C1005X6S1A105K050BC,,a81aea4d-9213-4253-b8af-897a08df927e
C54,6,dcdc.kicad_sch,/f569b0be-0afd-48b7-93ee-28582a4c645c/24bfa3d1-0a03-41a0-8beb-0ef00bfb4ba3,antmicroCapacitors0402:C_1u_0402,C_1u_0402,antmicro-footprints:C_0402_1005Metric,TDK,C1005X6S1A105K050BC,,122ae425-0935-4412-a312-b3e678abcd42
C55,7,dcdc.kicad_sch,/f569b0be-0afd-48b7-93ee-28582a4c645c/24bfa3d1-0a03-41a0-8beb-0ef00bfb4ba3,antmicroCapacitors0402:C_4u7_25V_0402,C_4u7_25V_0402,antmicro-footprints:C_0402_1005Metric,Murata,GRM155C61E475ME15J,,95dd3910-9d46-4ea6-899d-0a224b9fb32d
C56,7,dcdc.kicad_sch,/f569b0be-0afd-48b7-93ee-28582a4c645c/24bfa3d1-0a03-41a0-8beb-0ef00bfb4ba3,antmicroCapacitors0402:C_4u7_25V_0402,C_4u7_25V_0402,antmicro-footprints:C_0402_1005Metric,Murata,GRM155C61E475ME15J,,4b193d58-e65d-4211-b402-d919526124f7
C57,2,sfp.kicad_sch,/f569b0be-0afd-48b7-93ee-28582a4c645c/a94d9c53-c5ac-439c-b57f-c8751a5ad590,antmicroCapacitors0402:C_100n_0402,C_100n_0402,antmicro-footprints:C_0402_1005Metric,Murata,GRM155R61H104KE14D,,998fdc94-7af0-4097-a9ab-e5752e5deaf6
C58,2,sfp.kicad_sch,/f569b0be-0afd-48b7-93ee-28582a4c645c/a94d9c53-c5ac-439c-b57f-c8751a5ad590,antmicroCapacitors0402:C_100n_0402,C_100n_0402,antmicro-footprints:C_0402_1005Metric,Murata,GRM155R61H104KE14D,,ccad3436-4cdd-4034-a04d-fc626d077bf4
C59,2,dcdc.kicad_sch,/f569b0be-0afd-48b7-93ee-28582a4c645c/24bfa3d1-0a03-41a0-8beb-0ef00bfb4ba3,antmicroCapacitors0402:C_100n_0402,C_100n_0402,antmicro-footprints:C_0402_1005Metric,Murata,GRM155R61H104KE14D,,76b37453-c52f-46bc-a722-d5e28f0c2afc
C60,2,dcdc.kicad_sch,/f569b0be-0afd-48b7-93ee-28582a4c645c/24bfa3d1-0a03-41a0-8beb-0ef00bfb4ba3,antmicroCapacitors0402:C_100n_0402,C_100n_0402,antmicro-footprints:C_0402_1005Metric,Murata,GRM155R61H104KE14D,,e306eaaa-2648-4d84-a584-245b49cbb86c
C61,2,sfp.kicad_sch,/f569b0be-0afd-48b7-93ee-28582a4c645c/a94d9c53-c5ac-439c-b57f-c8751a5ad590,antmicroCapacitors0402:C_100n_0402,C_100n_0402,antmicro-footprints:C_0402_1005Metric,Murata,GRM155R61H104KE14D,,72fd8ae5-305e-4c16-93d2-f2602cafda23
C62,4,power.kicad_sch,/f569b0be-0afd-48b7-93ee-28582a4c645c/18ddd5dc-52e2-402c-b2e2-8bb33f110eab,antmicroCapacitors0603:C_22u_16V_0603,C_22u_16V_0603,antmicro-footprints:C_0603_1608Metric_EIA,Samsung Electro-Mechanics,CL10A226MO7JZNC,,16ed19fc-6c43-4fcd-b5ae-a696f67fa1e2
C63,4,dcdc.kicad_sch,/f569b0be-0afd-48b7-93ee-28582a4c645c/24bfa3d1-0a03-41a0-8beb-0ef00bfb4ba3,antmicroCapacitors0603:C_22u_16V_0603,C_22u_16V_0603,antmicro-footprints:C_0603_1608Metric_EIA,Samsung Electro-Mechanics,CL10A226MO7JZNC,,2509f21b-b6ac-47cb-900e-b3f60bb58e43
C64,4,dcdc.kicad_sch,/f569b0be-0afd-48b7-93ee-28582a4c645c/24bfa3d1-0a03-41a0-8beb-0ef00bfb4ba3,antmicroCapacitors0603:C_22u_16V_0603,C_22u_16V_0603,antmicro-footprints:C_0603_1608Metric_EIA,Samsung Electro-Mechanics,CL10A226MO7JZNC,,9d53b2f9-3ac7-471c-8eee-8e2f2450f2d5
C65,2,sfp.kicad_sch,/f569b0be-0afd-48b7-93ee-28582a4c645c/a94d9c53-c5ac-439c-b57f-c8751a5ad590,antmicroCapacitors0402:C_100n_0402,C_100n_0402,antmicro-footprints:C_0402_1005Metric,Murata,GRM155R61H104KE14D,,956f5080-31da-45f9-84ec-eb42f0688cbe
C66,4,dcdc.kicad_sch,/f569b0be-0afd-48b7-93ee-28582a4c645c/24bfa3d1-0a03-41a0-8beb-0ef00bfb4ba3,antmicroCapacitors0603:C_22u_16V_0603,C_22u_16V_0603,antmicro-footprints:C_0603_1608Metric_EIA,Samsung Electro-Mechanics,CL10A226MO7JZNC,,29acdbf6-e6cd-4734-afb4-810e17d9d15e
C67,4,dcdc.kicad_sch,/f569b0be-0afd-48b7-93ee-28582a4c645c/24bfa3d1-0a03-41a0-8beb-0ef00bfb4ba3,antmicroCapacitors0603:C_22u_16V_0603,C_22u_16V_0603,antmicro-footprints:C_0603_1608Metric_EIA,Samsung Electro-Mechanics,CL10A226MO7JZNC,,e0841f0d-edf1-43a7-b618-cf6ff0c87363
C68,5,usb_dp.kicad_sch,/f569b0be-0afd-48b7-93ee-28582a4c645c/79924a89-4330-4c0a-9aa5-2a2f90ef321b,antmicroCapacitorsmisc:C_22u_25V_0805,C_22u_25V_0805,antmicro-footprints:C_0805_2012Metric,Samsung Electro-Mechanics,CL21A226MAYNNNE,,d5b5b5dd-16f7-4bde-9105-4e41970cecc1
C69,4,dcdc.kicad_sch,/f569b0be-0afd-48b7-93ee-28582a4c645c/24bfa3d1-0a03-41a0-8beb-0ef00bfb4ba3,antmicroCapacitors0603:C_22u_16V_0603,C_22u_16V_0603,antmicro-footprints:C_0603_1608Metric_EIA,Samsung Electro-Mechanics,CL10A226MO7JZNC,,c9b7c029-6137-40b8-82ae-183d8b32166f
C70,4,dcdc.kicad_sch,/f569b0be-0afd-48b7-93ee-28582a4c645c/24bfa3d1-0a03-41a0-8beb-0ef00bfb4ba3,antmicroCapacitors0603:C_22u_16V_0603,C_22u_16V_0603,antmicro-footprints:C_0603_1608Metric_EIA,Samsung Electro-Mechanics,CL10A226MO7JZNC,,c20d3240-fcef-4b23-b81c-f8c783f82380
C71,4,m2.kicad_sch,/f569b0be-0afd-48b7-93ee-28582a4c645c/456a2f48-4934-4d0e-aaf0-f39b01ccc0c1,antmicroCapacitors0603:C_22u_16V_0603,C_22u_16V_0603,antmicro-footprints:C_0603_1608Metric_EIA,Samsung Electro-Mechanics,CL10A226MO7JZNC,,57c2e479-6fc3-4fa4-9607-06efd17b6f44
C72,4,dcdc.kicad_sch,/f569b0be-0afd-48b7-93ee-28582a4c645c/24bfa3d1-0a03-41a0-8beb-0ef00bfb4ba3,antmicroCapacitors0603:C_22u_16V_0603,C_22u_16V_0603,antmicro-footprints:C_0603_1608Metric_EIA,Samsung Electro-Mechanics,CL10A226MO7JZNC,,c366520f-f5ad-4e1e-bf88-8df2fd9804ef
C73,4,dcdc.kicad_sch,/f569b0be-0afd-48b7-93ee-28582a4c645c/24bfa3d1-0a03-41a0-8beb-0ef00bfb4ba3,antmicroCapacitors0603:C_22u_16V_0603,C_22u_16V_0603,antmicro-footprints:C_0603_1608Metric_EIA,Samsung Electro-Mechanics,CL10A226MO7JZNC,,b9129436-737a-465e-8897-64d3b86215d9
C74,4,m2.kicad_sch,/f569b0be-0afd-48b7-93ee-28582a4c645c/456a2f48-4934-4d0e-aaf0-f39b01ccc0c1,antmicroCapacitors0603:C_22u_16V_0603,C_22u_16V_0603,antmicro-footprints:C_0603_1608Metric_EIA,Samsung Electro-Mechanics,CL10A226MO7JZNC,,a2584765-8992-490e-b505-8926acbcb97b
C75,3,power.kicad_sch,/f569b0be-0afd-48b7-93ee-28582a4c645c/18ddd5dc-52e2-402c-b2e2-8bb33f110eab,antmicroCapacitors0402:C_10u_0402,C_10u_0402,antmicro-footprints:C_0402_1005Metric,YAGEO,CC0402MRX5R5BB106,,6ae2b97e-95bf-4a76-84bf-6237d471625a
C76,4,dcdc.kicad_sch,/f569b0be-0afd-48b7-93ee-28582a4c645c/24bfa3d1-0a03-41a0-8beb-0ef00bfb4ba3,antmicroCapacitors0603:C_22u_16V_0603,C_22u_16V_0603,antmicro-footprints:C_0603_1608Metric_EIA,Samsung Electro-Mechanics,CL10A226MO7JZNC,,851f5e14-a4b5-406c-88ec-17e71b257069
C77,2,usb_hub.kicad_sch,/f569b0be-0afd-48b7-93ee-28582a4c645c/3fd0fbfa-9a42-4c7b-8c1c-08c3e88df372,antmicroCapacitors0402:C_100n_0402,C_100n_0402,antmicro-footprints:C_0402_1005Metric,Murata,GRM155R61H104KE14D,,ec658714-6200-4e71-8765-985158888e0d
C78,5,usb_hub.kicad_sch,/f569b0be-0afd-48b7-93ee-28582a4c645c/3fd0fbfa-9a42-4c7b-8c1c-08c3e88df372,antmicroCapacitorsmisc:C_22u_25V_0805,C_22u_25V_0805,antmicro-footprints:C_0805_2012Metric,Samsung Electro-Mechanics,CL21A226MAYNNNE,,af64a623-36c2-479c-8ada-dafca5ec5a0b
C79,2,dcdc.kicad_sch,/f569b0be-0afd-48b7-93ee-28582a4c645c/24bfa3d1-0a03-41a0-8beb-0ef00bfb4ba3,antmicroCapacitors0402:C_100n_0402,C_100n_0402,antmicro-footprints:C_0402_1005Metric,Murata,GRM155R61H104KE14D,,ade16319-0aa4-47f0-9cc3-82a214396a4c
C80,2,usb_hub.kicad_sch,/f569b0be-0afd-48b7-93ee-28582a4c645c/3fd0fbfa-9a42-4c7b-8c1c-08c3e88df372,antmicroCapacitors0402:C_100n_0402,C_100n_0402,antmicro-footprints:C_0402_1005Metric,Murata,GRM155R61H104KE14D,,9ddb06da-afe9-4677-9ad2-a73b416a3723
C81,2,usb_hub.kicad_sch,/f569b0be-0afd-48b7-93ee-28582a4c645c/3fd0fbfa-9a42-4c7b-8c1c-08c3e88df372,antmicroCapacitors0402:C_100n_0402,C_100n_0402,antmicro-footprints:C_0402_1005Metric,Murata,GRM155R61H104KE14D,,b1156a45-415f-4444-b721-d00ff0416a51
C82,2,usb_hub.kicad_sch,/f569b0be-0afd-48b7-93ee-28582a4c645c/3fd0fbfa-9a42-4c7b-8c1c-08c3e88df372,antmicroCapacitors0402:C_100n_0402,C_100n_0402,antmicro-footprints:C_0402_1005Metric,Murata,GRM155R61H104KE14D,,f7fd1654-895d-4aa9-8aa9-6689f55328f3
C83,2,usb_hub.kicad_sch,/f569b0be-0afd-48b7-93ee-28582a4c645c/3fd0fbfa-9a42-4c7b-8c1c-08c3e88df372,antmicroCapacitors0402:C_100n_0402,C_100n_0402,antmicro-footprints:C_0402_1005Metric,Murata,GRM155R61H104KE14D,,b6ee9aa5-3f67-44d8-9df3-d62a2d7d49a0
C84,8,som_power.kicad_sch,/f569b0be-0afd-48b7-93ee-28582a4c645c/33df10a9-5b30-4fa6-b34e-d62ce1b48c65,antmicroCapacitors0402:C_1u_25V_0402,C_1u_25V_0402,antmicro-footprints:C_0402_1005Metric,Murata,GRM155R61E105KE11J,,37735234-5b57-4c46-bfd3-6968174785ee
C85,2,usb_hub.kicad_sch,/f569b0be-0afd-48b7-93ee-28582a4c645c/3fd0fbfa-9a42-4c7b-8c1c-08c3e88df372,antmicroCapacitors0402:C_100n_0402,C_100n_0402,antmicro-footprints:C_0402_1005Metric,Murata,GRM155R61H104KE14D,,6ee36fc8-7213-4a4d-975e-52bb36a7f723
C86,2,usb_hub.kicad_sch,/f569b0be-0afd-48b7-93ee-28582a4c645c/3fd0fbfa-9a42-4c7b-8c1c-08c3e88df372,antmicroCapacitors0402:C_100n_0402,C_100n_0402,antmicro-footprints:C_0402_1005Metric,Murata,GRM155R61H104KE14D,,29748d59-2d21-47b0-b2bf-860ed02a391a
C87,2,usb_hub.kicad_sch,/f569b0be-0afd-48b7-93ee-28582a4c645c/3fd0fbfa-9a42-4c7b-8c1c-08c3e88df372,antmicroCapacitors0402:C_100n_0402,C_100n_0402,antmicro-footprints:C_0402_1005Metric,Murata,GRM155R61H104KE14D,,1e2a46fa-7fb0-4548-ac0a-22693e684a54
C88,2,usb_hub.kicad_sch,/f569b0be-0afd-48b7-93ee-28582a4c645c/3fd0fbfa-9a42-4c7b-8c1c-08c3e88df372,antmicroCapacitors0402:C_100n_0402,C_100n_0402,antmicro-footprints:C_0402_1005Metric,Murata,GRM155R61H104KE14D,,bb4ef3b0-c895-4370-94cb-3c80f9706975
C89,2,usb_hub.kicad_sch,/f569b0be-0afd-48b7-93ee-28582a4c645c/3fd0fbfa-9a42-4c7b-8c1c-08c3e88df372,antmicroCapacitors0402:C_100n_0402,C_100n_0402,antmicro-footprints:C_0402_1005Metric,Murata,GRM155R61H104KE14D,,916cb366-6aa6-4a7e-a5f4-2b3e7af80038
C90,2,usb_hub.kicad_sch,/f569b0be-0afd-48b7-93ee-28582a4c645c/3fd0fbfa-9a42-4c7b-8c1c-08c3e88df372,antmicroCapacitors0402:C_100n_0402,C_100n_0402,antmicro-footprints:C_0402_1005Metric,Murata,GRM155R61H104KE14D,,376fd957-ca10-4e54-88a5-7eb387ed97f0
C91,2,usb_hub.kicad_sch,/f569b0be-0afd-48b7-93ee-28582a4c645c/3fd0fbfa-9a42-4c7b-8c1c-08c3e88df372,antmicroCapacitors0402:C_100n_0402,C_100n_0402,antmicro-footprints:C_0402_1005Metric,Murata,GRM155R61H104KE14D,,ae6736c3-759c-4f81-91c1-289c8f5dc78e
C92,2,usb_hub.kicad_sch,/f569b0be-0afd-48b7-93ee-28582a4c645c/3fd0fbfa-9a42-4c7b-8c1c-08c3e88df372,antmicroCapacitors0402:C_100n_0402,C_100n_0402,antmicro-footprints:C_0402_1005Metric,Murata,GRM155R61H104KE14D,,d3e21b73-0305-4733-b008-3a05ed2cfbe9
C93,2,usb_hub.kicad_sch,/f569b0be-0afd-48b7-93ee-28582a4c645c/3fd0fbfa-9a42-4c7b-8c1c-08c3e88df372,antmicroCapacitors0402:C_100n_0402,C_100n_0402,antmicro-footprints:C_0402_1005Metric,Murata,GRM155R61H104KE14D,,005d555e-c212-4e75-a6d1-76ed75cc9732
C94,2,usb_hub.kicad_sch,/f569b0be-0afd-48b7-93ee-28582a4c645c/3fd0fbfa-9a42-4c7b-8c1c-08c3e88df372,antmicroCapacitors0402:C_100n_0402,C_100n_0402,antmicro-footprints:C_0402_1005Metric,Murata,GRM155R61H104KE14D,,25ad3b8e-e978-4c94-b5dd-4cb7fae6b904
C95,2,usb_hub.kicad_sch,/f569b0be-0afd-48b7-93ee-28582a4c645c/3fd0fbfa-9a42-4c7b-8c1c-08c3e88df372,antmicroCapacitors0402:C_100n_0402,C_100n_0402,antmicro-footprints:C_0402_1005Metric,Murata,GRM155R61H104KE14D,,acd987c0-2f9a-4cc0-a5a4-c7cf19dce2fe
C96,2,usb_hub.kicad_sch,/f569b0be-0afd-48b7-93ee-28582a4c645c/3fd0fbfa-9a42-4c7b-8c1c-08c3e88df372,antmicroCapacitors0402:C_100n_0402,C_100n_0402,antmicro-footprints:C_0402_1005Metric,Murata,GRM155R61H104KE14D,,1766ce30-463b-43b1-9d52-343466c843e5
C97,2,usb_hub.kicad_sch,/f569b0be-0afd-48b7-93ee-28582a4c645c/3fd0fbfa-9a42-4c7b-8c1c-08c3e88df372,antmicroCapacitors0402:C_100n_0402,C_100n_0402,antmicro-footprints:C_0402_1005Metric,Murata,GRM155R61H104KE14D,,077d6acf-ad73-405d-80d1-629bc78d9447
C98,2,usb_hub.kicad_sch,/f569b0be-0afd-48b7-93ee-28582a4c645c/3fd0fbfa-9a42-4c7b-8c1c-08c3e88df372,antmicroCapacitors0402:C_100n_0402,C_100n_0402,antmicro-footprints:C_0402_1005Metric,Murata,GRM155R61H104KE14D,,20e69662-cbdc-42fe-845e-64ddb559e655
C99,2,usb_hub.kicad_sch,/f569b0be-0afd-48b7-93ee-28582a4c645c/3fd0fbfa-9a42-4c7b-8c1c-08c3e88df372,antmicroCapacitors0402:C_100n_0402,C_100n_0402,antmicro-footprints:C_0402_1005Metric,Murata,GRM155R61H104KE14D,,c31ea3e4-8a53-4df1-8e0e-762d5cf10d69
C100,2,usb_hub.kicad_sch,/f569b0be-0afd-48b7-93ee-28582a4c645c/3fd0fbfa-9a42-4c7b-8c1c-08c3e88df372,antmicroCapacitors0402:C_100n_0402,C_100n_0402,antmicro-footprints:C_0402_1005Metric,Murata,GRM155R61H104KE14D,,a9a4986e-2392-47c3-9435-db8553ce4ff4
C101,2,usb_hub.kicad_sch,/f569b0be-0afd-48b7-93ee-28582a4c645c/3fd0fbfa-9a42-4c7b-8c1c-08c3e88df372,antmicroCapacitors0402:C_100n_0402,C_100n_0402,antmicro-footprints:C_0402_1005Metric,Murata,GRM155R61H104KE14D,,eb9d2103-0b40-4b71-ae79-4c66b18ded76
C102,2,usb_hub.kicad_sch,/f569b0be-0afd-48b7-93ee-28582a4c645c/3fd0fbfa-9a42-4c7b-8c1c-08c3e88df372,antmicroCapacitors0402:C_100n_0402,C_100n_0402,antmicro-footprints:C_0402_1005Metric,Murata,GRM155R61H104KE14D,,1d002717-863f-45ca-a583-252d1bdc33e4
C103,2,usb_hub.kicad_sch,/f569b0be-0afd-48b7-93ee-28582a4c645c/3fd0fbfa-9a42-4c7b-8c1c-08c3e88df372,antmicroCapacitors0402:C_100n_0402,C_100n_0402,antmicro-footprints:C_0402_1005Metric,Murata,GRM155R61H104KE14D,,7c404216-4d5a-4791-a618-12436ab7440b
C104,2,usb_hub.kicad_sch,/f569b0be-0afd-48b7-93ee-28582a4c645c/3fd0fbfa-9a42-4c7b-8c1c-08c3e88df372,antmicroCapacitors0402:C_100n_0402,C_100n_0402,antmicro-footprints:C_0402_1005Metric,Murata,GRM155R61H104KE14D,,93f18958-5679-494b-8d03-8024c66da3ac
C105,5,usb_hub.kicad_sch,/f569b0be-0afd-48b7-93ee-28582a4c645c/3fd0fbfa-9a42-4c7b-8c1c-08c3e88df372,antmicroCapacitorsmisc:C_22u_25V_0805,C_22u_25V_0805,antmicro-footprints:C_0805_2012Metric,Samsung Electro-Mechanics,CL21A226MAYNNNE,,d1572c13-930c-4226-9e47-7f7a8362d854
C106,2,usb_hub.kicad_sch,/f569b0be-0afd-48b7-93ee-28582a4c645c/3fd0fbfa-9a42-4c7b-8c1c-08c3e88df372,antmicroCapacitors0402:C_100n_0402,C_100n_0402,antmicro-footprints:C_0402_1005Metric,Murata,GRM155R61H104KE14D,,ca537296-c330-4b6a-8902-075608394987
C107,2,recovery_usb.kicad_sch,/f569b0be-0afd-48b7-93ee-28582a4c645c/ee0c56cd-dc85-44e4-b5e6-458df3809c6c,antmicroCapacitors0402:C_100n_0402,C_100n_0402,antmicro-footprints:C_0402_1005Metric,Murata,GRM155R61H104KE14D,,422a8b20-862d-481d-bab0-9c392ea1dfab
C108,2,recovery_usb.kicad_sch,/f569b0be-0afd-48b7-93ee-28582a4c645c/ee0c56cd-dc85-44e4-b5e6-458df3809c6c,antmicroCapacitors0402:C_100n_0402,C_100n_0402,antmicro-footprints:C_0402_1005Metric,Murata,GRM155R61H104KE14D,,0a7370cf-8a1a-437e-838b-a610d62a31a5
C109,2,recovery_usb.kicad_sch,/f569b0be-0afd-48b7-93ee-28582a4c645c/ee0c56cd-dc85-44e4-b5e6-458df3809c6c,antmicroCapacitors0402:C_100n_0402,C_100n_0402,antmicro-footprints:C_0402_1005Metric,Murata,GRM155R61H104KE14D,,eca6a893-3804-4951-809e-49a68bb143bb
C110,2,recovery_usb.kicad_sch,/f569b0be-0afd-48b7-93ee-28582a4c645c/ee0c56cd-dc85-44e4-b5e6-458df3809c6c,antmicroCapacitors0402:C_100n_0402,C_100n_0402,antmicro-footprints:C_0402_1005Metric,Murata,GRM155R61H104KE14D,,1ebdb29d-b1c4-41f2-b965-da0994d5dbaa
C111,2,usb_hub.kicad_sch,/f569b0be-0afd-48b7-93ee-28582a4c645c/3fd0fbfa-9a42-4c7b-8c1c-08c3e88df372,antmicroCapacitors0402:C_100n_0402,C_100n_0402,antmicro-footprints:C_0402_1005Metric,Murata,GRM155R61H104KE14D,,ff237d16-8511-4306-ab7b-2b52732dc858
C112,2,usb_hub.kicad_sch,/f569b0be-0afd-48b7-93ee-28582a4c645c/3fd0fbfa-9a42-4c7b-8c1c-08c3e88df372,antmicroCapacitors0402:C_100n_0402,C_100n_0402,antmicro-footprints:C_0402_1005Metric,Murata,GRM155R61H104KE14D,,95ea5093-52c7-47ac-ac9e-f2eebac6ff43
C113,2,usb_hub.kicad_sch,/f569b0be-0afd-48b7-93ee-28582a4c645c/3fd0fbfa-9a42-4c7b-8c1c-08c3e88df372,antmicroCapacitors0402:C_100n_0402,C_100n_0402,antmicro-footprints:C_0402_1005Metric,Murata,GRM155R61H104KE14D,,aa5dfb83-6af1-4434-a851-28ad442ba785
C114,2,recovery_usb.kicad_sch,/f569b0be-0afd-48b7-93ee-28582a4c645c/ee0c56cd-dc85-44e4-b5e6-458df3809c6c,antmicroCapacitors0402:C_100n_0402,C_100n_0402,antmicro-footprints:C_0402_1005Metric,Murata,GRM155R61H104KE14D,,f850abe0-7729-4113-9395-c85a90f2a575
C115,5,recovery_usb.kicad_sch,/f569b0be-0afd-48b7-93ee-28582a4c645c/ee0c56cd-dc85-44e4-b5e6-458df3809c6c,antmicroCapacitorsmisc:C_22u_25V_0805,C_22u_25V_0805,antmicro-footprints:C_0805_2012Metric,Samsung Electro-Mechanics,CL21A226MAYNNNE,,a3a053a8-bf0e-4f37-83cb-936c5e36737b
C116,2,recovery_usb.kicad_sch,/f569b0be-0afd-48b7-93ee-28582a4c645c/ee0c56cd-dc85-44e4-b5e6-458df3809c6c,antmicroCapacitors0402:C_100n_0402,C_100n_0402,antmicro-footprints:C_0402_1005Metric,Murata,GRM155R61H104KE14D,,5fe72de2-2df9-48cb-806a-97c898335d65
C117,2,recovery_usb.kicad_sch,/f569b0be-0afd-48b7-93ee-28582a4c645c/ee0c56cd-dc85-44e4-b5e6-458df3809c6c,antmicroCapacitors0402:C_100n_0402,C_100n_0402,antmicro-footprints:C_0402_1005Metric,Murata,GRM155R61H104KE14D,,3dcc40d1-02d2-4bca-9cf7-ae62bbb44721
C118,3,usb_debug_pd.kicad_sch,/f569b0be-0afd-48b7-93ee-28582a4c645c/12c19ba5-8fdc-4775-a33b-e8b1ade01b0a,antmicroCapacitors0402:C_10u_0402,C_10u_0402,antmicro-footprints:C_0402_1005Metric,YAGEO,CC0402MRX5R5BB106,,4e6796b1-0838-4ce5-accf-f8c2aad5b3ba
C119,2,usb_debug_pd.kicad_sch,/f569b0be-0afd-48b7-93ee-28582a4c645c/12c19ba5-8fdc-4775-a33b-e8b1ade01b0a,antmicroCapacitors0402:C_100n_0402,C_100n_0402,antmicro-footprints:C_0402_1005Metric,Murata,GRM155R61H104KE14D,,5d0a6868-b278-4b6a-b5ce-e5b02908dc4d
C120,3,usb_debug_pd.kicad_sch,/f569b0be-0afd-48b7-93ee-28582a4c645c/12c19ba5-8fdc-4775-a33b-e8b1ade01b0a,antmicroCapacitors0402:C_10u_0402,C_10u_0402,antmicro-footprints:C_0402_1005Metric,YAGEO,CC0402MRX5R5BB106,,cbba9bc1-f060-44fb-be72-50204b3fc2c5
C121,3,usb_debug_pd.kicad_sch,/f569b0be-0afd-48b7-93ee-28582a4c645c/12c19ba5-8fdc-4775-a33b-e8b1ade01b0a,antmicroCapacitors0402:C_10u_0402,C_10u_0402,antmicro-footprints:C_0402_1005Metric,YAGEO,CC0402MRX5R5BB106,,aff5b45f-426f-4e9f-bac0-611f4ecfddd5
C122,2,usb_debug_pd.kicad_sch,/f569b0be-0afd-48b7-93ee-28582a4c645c/12c19ba5-8fdc-4775-a33b-e8b1ade01b0a,antmicroCapacitors0402:C_100n_0402,C_100n_0402,antmicro-footprints:C_0402_1005Metric,Murata,GRM155R61H104KE14D,,a685ca9b-dc13-4974-aecf-8577b4c54a72
C123,5,usb_debug_pd.kicad_sch,/f569b0be-0afd-48b7-93ee-28582a4c645c/12c19ba5-8fdc-4775-a33b-e8b1ade01b0a,antmicroCapacitorsmisc:C_22u_25V_0805,C_22u_25V_0805,antmicro-footprints:C_0805_2012Metric,Samsung Electro-Mechanics,CL21A226MAYNNNE,,35cbf9df-423c-4209-ba10-171df04a3979
C124,3,usb_dp.kicad_sch,/f569b0be-0afd-48b7-93ee-28582a4c645c/79924a89-4330-4c0a-9aa5-2a2f90ef321b,antmicroCapacitors0402:C_10u_0402,C_10u_0402,antmicro-footprints:C_0402_1005Metric,YAGEO,CC0402MRX5R5BB106,,86099e6a-0042-4684-81a7-57746a01e024
C125,2,usb_dp.kicad_sch,/f569b0be-0afd-48b7-93ee-28582a4c645c/79924a89-4330-4c0a-9aa5-2a2f90ef321b,antmicroCapacitors0402:C_100n_0402,C_100n_0402,antmicro-footprints:C_0402_1005Metric,Murata,GRM155R61H104KE14D,,4adb23b6-f067-446e-be56-6f514d859d1b
C126,2,usb_dp.kicad_sch,/f569b0be-0afd-48b7-93ee-28582a4c645c/79924a89-4330-4c0a-9aa5-2a2f90ef321b,antmicroCapacitors0402:C_100n_0402,C_100n_0402,antmicro-footprints:C_0402_1005Metric,Murata,GRM155R61H104KE14D,,ce38ed37-84a3-4c4b-b642-1a23abe9abb9
C127,2,usb_dp.kicad_sch,/f569b0be-0afd-48b7-93ee-28582a4c645c/79924a89-4330-4c0a-9aa5-2a2f90ef321b,antmicroCapacitors0402:C_100n_0402,C_100n_0402,antmicro-footprints:C_0402_1005Metric,Murata,GRM155R61H104KE14D,,2f941f88-b31d-48e4-8874-a95a824511e4
C128,2,usb_dp.kicad_sch,/f569b0be-0afd-48b7-93ee-28582a4c645c/79924a89-4330-4c0a-9aa5-2a2f90ef321b,antmicroCapacitors0402:C_100n_0402,C_100n_0402,antmicro-footprints:C_0402_1005Metric,Murata,GRM155R61H104KE14D,,3c55c498-4cf2-4185-958d-492cc2dda222
C129,2,usb_dp.kicad_sch,/f569b0be-0afd-48b7-93ee-28582a4c645c/79924a89-4330-4c0a-9aa5-2a2f90ef321b,antmicroCapacitors0402:C_100n_0402,C_100n_0402,antmicro-footprints:C_0402_1005Metric,Murata,GRM155R61H104KE14D,,70ad52b9-414f-49b7-ba45-8e0392a122e6
C130,2,usb_dp.kicad_sch,/f569b0be-0afd-48b7-93ee-28582a4c645c/79924a89-4330-4c0a-9aa5-2a2f90ef321b,antmicroCapacitors0402:C_100n_0402,C_100n_0402,antmicro-footprints:C_0402_1005Metric,Murata,GRM155R61H104KE14D,,1e43422c-6ca3-4155-b667-0998352a8e9b
C131,2,usb_dp.kicad_sch,/f569b0be-0afd-48b7-93ee-28582a4c645c/79924a89-4330-4c0a-9aa5-2a2f90ef321b,antmicroCapacitors0402:C_100n_0402,C_100n_0402,antmicro-footprints:C_0402_1005Metric,Murata,GRM155R61H104KE14D,,745ed0bd-ab17-410b-a300-1c548a1306a4
C132,2,usb_dp.kicad_sch,/f569b0be-0afd-48b7-93ee-28582a4c645c/79924a89-4330-4c0a-9aa5-2a2f90ef321b,antmicroCapacitors0402:C_100n_0402,C_100n_0402,antmicro-footprints:C_0402_1005Metric,Murata,GRM155R61H104KE14D,,e840dfbf-d4cb-4fec-918b-6f8fa1ab30cb
C133,2,usb_debug_pd.kicad_sch,/f569b0be-0afd-48b7-93ee-28582a4c645c/12c19ba5-8fdc-4775-a33b-e8b1ade01b0a,antmicroCapacitors0402:C_100n_0402,C_100n_0402,antmicro-footprints:C_0402_1005Metric,Murata,GRM155R61H104KE14D,,b93acc26-e495-4f60-858f-dba093b14344
C134,2,usb_debug_pd.kicad_sch,/f569b0be-0afd-48b7-93ee-28582a4c645c/12c19ba5-8fdc-4775-a33b-e8b1ade01b0a,antmicroCapacitors0402:C_100n_0402,C_100n_0402,antmicro-footprints:C_0402_1005Metric,Murata,GRM155R61H104KE14D,,3e609c90-50f0-44ee-9a85-684cb9f2611c
C135,3,usb_debug_pd.kicad_sch,/f569b0be-0afd-48b7-93ee-28582a4c645c/12c19ba5-8fdc-4775-a33b-e8b1ade01b0a,antmicroCapacitors0402:C_10u_0402,C_10u_0402,antmicro-footprints:C_0402_1005Metric,YAGEO,CC0402MRX5R5BB106,,5eedc4bf-c4c8-40ce-8b75-ea0ee80d716d
C136,2,usb_dp.kicad_sch,/f569b0be-0afd-48b7-93ee-28582a4c645c/79924a89-4330-4c0a-9aa5-2a2f90ef321b,antmicroCapacitors0402:C_100n_0402,C_100n_0402,antmicro-footprints:C_0402_1005Metric,Murata,GRM155R61H104KE14D,,e497a12b-d2bf-404c-86b5-4006e37352ae
C137,2,usb_dp.kicad_sch,/f569b0be-0afd-48b7-93ee-28582a4c645c/79924a89-4330-4c0a-9aa5-2a2f90ef321b,antmicroCapacitors0402:C_100n_0402,C_100n_0402,antmicro-footprints:C_0402_1005Metric,Murata,GRM155R61H104KE14D,,da5fae62-802e-4252-96ea-0d9a00c250d4
C138,7,usb_dp.kicad_sch,/f569b0be-0afd-48b7-93ee-28582a4c645c/79924a89-4330-4c0a-9aa5-2a2f90ef321b,antmicroCapacitors0402:C_4u7_25V_0402,C_4u7_25V_0402,antmicro-footprints:C_0402_1005Metric,Murata,GRM155C61E475ME15J,,67021e9c-2124-489a-920c-da6b403a7436
C139,3,usb_dp.kicad_sch,/f569b0be-0afd-48b7-93ee-28582a4c645c/79924a89-4330-4c0a-9aa5-2a2f90ef321b,antmicroCapacitors0402:C_10u_0402,C_10u_0402,antmicro-footprints:C_0402_1005Metric,YAGEO,CC0402MRX5R5BB106,,61a1c872-7c64-419e-85bf-1e836a7b4bd6
C140,2,usb_debug_pd.kicad_sch,/f569b0be-0afd-48b7-93ee-28582a4c645c/12c19ba5-8fdc-4775-a33b-e8b1ade01b0a,antmicroCapacitors0402:C_100n_0402,C_100n_0402,antmicro-footprints:C_0402_1005Metric,Murata,GRM155R61H104KE14D,,70ffd4ae-2273-46ac-9e09-fb719e3b03d3
C141,2,usb_dp.kicad_sch,/f569b0be-0afd-48b7-93ee-28582a4c645c/79924a89-4330-4c0a-9aa5-2a2f90ef321b,antmicroCapacitors0402:C_100n_0402,C_100n_0402,antmicro-footprints:C_0402_1005Metric,Murata,GRM155R61H104KE14D,,7d54e1fa-f75d-4b0f-a43c-53953a1a3dcc
C142,2,usb_dp.kicad_sch,/f569b0be-0afd-48b7-93ee-28582a4c645c/79924a89-4330-4c0a-9aa5-2a2f90ef321b,antmicroCapacitors0402:C_100n_0402,C_100n_0402,antmicro-footprints:C_0402_1005Metric,Murata,GRM155R61H104KE14D,,0facbced-6952-42a9-b8ee-f6f1555a445d
C143,2,usb_debug_pd.kicad_sch,/f569b0be-0afd-48b7-93ee-28582a4c645c/12c19ba5-8fdc-4775-a33b-e8b1ade01b0a,antmicroCapacitors0402:C_100n_0402,C_100n_0402,antmicro-footprints:C_0402_1005Metric,Murata,GRM155R61H104KE14D,,b67bd633-3517-44bd-b97b-f01fdd0d981a
C144,2,usb_dp.kicad_sch,/f569b0be-0afd-48b7-93ee-28582a4c645c/79924a89-4330-4c0a-9aa5-2a2f90ef321b,antmicroCapacitors0402:C_100n_0402,C_100n_0402,antmicro-footprints:C_0402_1005Metric,Murata,GRM155R61H104KE14D,,0ff744ef-93aa-47ac-8b3d-cc07f798dc19
C145,2,usb_dp.kicad_sch,/f569b0be-0afd-48b7-93ee-28582a4c645c/79924a89-4330-4c0a-9aa5-2a2f90ef321b,antmicroCapacitors0402:C_100n_0402,C_100n_0402,antmicro-footprints:C_0402_1005Metric,Murata,GRM155R61H104KE14D,,d8ca8f5d-097b-4111-8ceb-ad3020c9ca0a
C146,7,usb_debug_pd.kicad_sch,/f569b0be-0afd-48b7-93ee-28582a4c645c/12c19ba5-8fdc-4775-a33b-e8b1ade01b0a,antmicroCapacitors0402:C_4u7_25V_0402,C_4u7_25V_0402,antmicro-footprints:C_0402_1005Metric,Murata,GRM155C61E475ME15J,,1480405a-c643-4438-a90d-7a7f7a084e72
C147,3,usb_debug_pd.kicad_sch,/f569b0be-0afd-48b7-93ee-28582a4c645c/12c19ba5-8fdc-4775-a33b-e8b1ade01b0a,antmicroCapacitors0402:C_10u_0402,C_10u_0402,antmicro-footprints:C_0402_1005Metric,YAGEO,CC0402MRX5R5BB106,,f1955b95-f9f6-4c6d-a4b3-af0f56cf4c07
C148,2,usb_debug_pd.kicad_sch,/f569b0be-0afd-48b7-93ee-28582a4c645c/12c19ba5-8fdc-4775-a33b-e8b1ade01b0a,antmicroCapacitors0402:C_100n_0402,C_100n_0402,antmicro-footprints:C_0402_1005Metric,Murata,GRM155R61H104KE14D,,ead72246-b4f2-4f55-97fe-d43e5302eefc
C149,9,usb_debug_pd.kicad_sch,/f569b0be-0afd-48b7-93ee-28582a4c645c/12c19ba5-8fdc-4775-a33b-e8b1ade01b0a,antmicroCapacitors0402:C_47p_0402,C_47p_0402,antmicro-footprints:C_0402_1005Metric,KEMET,C0402C470J5GACTU,,c04e59c6-2483-45ec-8921-7c1b13f416b0
C150,9,usb_debug_pd.kicad_sch,/f569b0be-0afd-48b7-93ee-28582a4c645c/12c19ba5-8fdc-4775-a33b-e8b1ade01b0a,antmicroCapacitors0402:C_47p_0402,C_47p_0402,antmicro-footprints:C_0402_1005Metric,KEMET,C0402C470J5GACTU,,ef81fbf9-5f65-4136-b67e-499083984fd7
C151,5,usb_debug_pd.kicad_sch,/f569b0be-0afd-48b7-93ee-28582a4c645c/12c19ba5-8fdc-4775-a33b-e8b1ade01b0a,antmicroCapacitorsmisc:C_22u_25V_0805,C_22u_25V_0805,antmicro-footprints:C_0805_2012Metric,Samsung Electro-Mechanics,CL21A226MAYNNNE,,a7925e58-6715-493d-936a-f44b9120b7ca
C152,2,usb_debug_pd.kicad_sch,/f569b0be-0afd-48b7-93ee-28582a4c645c/12c19ba5-8fdc-4775-a33b-e8b1ade01b0a,antmicroCapacitors0402:C_100n_0402,C_100n_0402,antmicro-footprints:C_0402_1005Metric,Murata,GRM155R61H104KE14D,,645b449a-ab11-4b62-9bea-21396f5fbc39
C153,2,usb_dp.kicad_sch,/f569b0be-0afd-48b7-93ee-28582a4c645c/79924a89-4330-4c0a-9aa5-2a2f90ef321b,antmicroCapacitors0402:C_100n_0402,C_100n_0402,antmicro-footprints:C_0402_1005Metric,Murata,GRM155R61H104KE14D,,1f959ca1-7e35-48d4-8829-a5a8166d1945
C154,2,recovery_usb.kicad_sch,/f569b0be-0afd-48b7-93ee-28582a4c645c/ee0c56cd-dc85-44e4-b5e6-458df3809c6c,antmicroCapacitors0402:C_100n_0402,C_100n_0402,antmicro-footprints:C_0402_1005Metric,Murata,GRM155R61H104KE14D,,6f776a90-edba-47f0-9779-b134e9f93f33
C155,2,csi.kicad_sch,/f569b0be-0afd-48b7-93ee-28582a4c645c/5735e52d-0a61-43fd-a7c9-5087dffafe64,antmicroCapacitors0402:C_100n_0402,C_100n_0402,antmicro-footprints:C_0402_1005Metric,Murata,GRM155R61H104KE14D,,57818fe9-f81c-490f-aede-d0095c8bd470
C156,2,csi.kicad_sch,/f569b0be-0afd-48b7-93ee-28582a4c645c/5735e52d-0a61-43fd-a7c9-5087dffafe64,antmicroCapacitors0402:C_100n_0402,C_100n_0402,antmicro-footprints:C_0402_1005Metric,Murata,GRM155R61H104KE14D,,0648bc69-cbf8-489d-9231-2890bcec735e
C157,2,csi.kicad_sch,/f569b0be-0afd-48b7-93ee-28582a4c645c/5735e52d-0a61-43fd-a7c9-5087dffafe64,antmicroCapacitors0402:C_100n_0402,C_100n_0402,antmicro-footprints:C_0402_1005Metric,Murata,GRM155R61H104KE14D,,558fc4f0-2aa1-427a-9ad7-23d3caa3c74c
C158,2,csi.kicad_sch,/f569b0be-0afd-48b7-93ee-28582a4c645c/5735e52d-0a61-43fd-a7c9-5087dffafe64,antmicroCapacitors0402:C_100n_0402,C_100n_0402,antmicro-footprints:C_0402_1005Metric,Murata,GRM155R61H104KE14D,,d04a9849-1217-4ddc-8b4f-40a0e4582fd2
C159,2,csi.kicad_sch,/f569b0be-0afd-48b7-93ee-28582a4c645c/5735e52d-0a61-43fd-a7c9-5087dffafe64,antmicroCapacitors0402:C_100n_0402,C_100n_0402,antmicro-footprints:C_0402_1005Metric,Murata,GRM155R61H104KE14D,,9ae64c04-48b7-4f41-84be-0d932d4c0f8a
C160,6,csi.kicad_sch,/f569b0be-0afd-48b7-93ee-28582a4c645c/5735e52d-0a61-43fd-a7c9-5087dffafe64,antmicroCapacitors0402:C_1u_0402,C_1u_0402,antmicro-footprints:C_0402_1005Metric,TDK,C1005X6S1A105K050BC,,bbfa2d5b-0356-41e7-9dc4-d629cfd923f0
C161,6,csi.kicad_sch,/f569b0be-0afd-48b7-93ee-28582a4c645c/5735e52d-0a61-43fd-a7c9-5087dffafe64,antmicroCapacitors0402:C_1u_0402,C_1u_0402,antmicro-footprints:C_0402_1005Metric,TDK,C1005X6S1A105K050BC,,1aeea93d-4f7e-4d33-a0c6-b88817e8d4a5
C162,2,csi.kicad_sch,/f569b0be-0afd-48b7-93ee-28582a4c645c/5735e52d-0a61-43fd-a7c9-5087dffafe64,antmicroCapacitors0402:C_100n_0402,C_100n_0402,antmicro-footprints:C_0402_1005Metric,Murata,GRM155R61H104KE14D,,08af3b91-0289-4dce-b8d3-d54e1d330ea3
C163,2,csi.kicad_sch,/f569b0be-0afd-48b7-93ee-28582a4c645c/5735e52d-0a61-43fd-a7c9-5087dffafe64,antmicroCapacitors0402:C_100n_0402,C_100n_0402,antmicro-footprints:C_0402_1005Metric,Murata,GRM155R61H104KE14D,,8fd7487d-7049-4168-88fc-41ea258dc73f
C164,6,csi.kicad_sch,/f569b0be-0afd-48b7-93ee-28582a4c645c/5735e52d-0a61-43fd-a7c9-5087dffafe64,antmicroCapacitors0402:C_1u_0402,C_1u_0402,antmicro-footprints:C_0402_1005Metric,TDK,C1005X6S1A105K050BC,,37a7a173-a60d-4748-8fc8-e8438da771ec
C165,6,csi.kicad_sch,/f569b0be-0afd-48b7-93ee-28582a4c645c/5735e52d-0a61-43fd-a7c9-5087dffafe64,antmicroCapacitors0402:C_1u_0402,C_1u_0402,antmicro-footprints:C_0402_1005Metric,TDK,C1005X6S1A105K050BC,,7bba309a-d093-4bdc-addc-6010b5b2d1e0
C166,2,csi.kicad_sch,/f569b0be-0afd-48b7-93ee-28582a4c645c/5735e52d-0a61-43fd-a7c9-5087dffafe64,antmicroCapacitors0402:C_100n_0402,C_100n_0402,antmicro-footprints:C_0402_1005Metric,Murata,GRM155R61H104KE14D,,7f1fcd66-5da7-4543-9ba5-3b3b17bd0e6c
C167,2,csi.kicad_sch,/f569b0be-0afd-48b7-93ee-28582a4c645c/5735e52d-0a61-43fd-a7c9-5087dffafe64,antmicroCapacitors0402:C_100n_0402,C_100n_0402,antmicro-footprints:C_0402_1005Metric,Murata,GRM155R61H104KE14D,,685779f0-00b2-4870-956c-255552aa7099
C168,4,sfp.kicad_sch,/f569b0be-0afd-48b7-93ee-28582a4c645c/a94d9c53-c5ac-439c-b57f-c8751a5ad590,antmicroCapacitors0603:C_22u_16V_0603,C_22u_16V_0603,antmicro-footprints:C_0603_1608Metric_EIA,Samsung Electro-Mechanics,CL10A226MO7JZNC,,015efd95-bc70-4b71-b2e9-e65fc0577884
C169,2,sfp.kicad_sch,/f569b0be-0afd-48b7-93ee-28582a4c645c/a94d9c53-c5ac-439c-b57f-c8751a5ad590,antmicroCapacitors0402:C_100n_0402,C_100n_0402,antmicro-footprints:C_0402_1005Metric,Murata,GRM155R61H104KE14D,,fa353504-3935-4303-aabe-61edeec0e458
C170,4,m2.kicad_sch,/f569b0be-0afd-48b7-93ee-28582a4c645c/456a2f48-4934-4d0e-aaf0-f39b01ccc0c1,antmicroCapacitors0603:C_22u_16V_0603,C_22u_16V_0603,antmicro-footprints:C_0603_1608Metric_EIA,Samsung Electro-Mechanics,CL10A226MO7JZNC,,bb667bbf-f362-41f1-aeaf-a58ce7d68f8f
C171,2,sfp.kicad_sch,/f569b0be-0afd-48b7-93ee-28582a4c645c/a94d9c53-c5ac-439c-b57f-c8751a5ad590,antmicroCapacitors0402:C_100n_0402,C_100n_0402,antmicro-footprints:C_0402_1005Metric,Murata,GRM155R61H104KE14D,,1ec4244e-40e4-46ab-a3a4-08b7300e1bd3
C172,2,sfp.kicad_sch,/f569b0be-0afd-48b7-93ee-28582a4c645c/a94d9c53-c5ac-439c-b57f-c8751a5ad590,antmicroCapacitors0402:C_100n_0402,C_100n_0402,antmicro-footprints:C_0402_1005Metric,Murata,GRM155R61H104KE14D,,5ad8315b-8a06-431d-8338-ec3fcd037109
C173,2,sfp.kicad_sch,/f569b0be-0afd-48b7-93ee-28582a4c645c/a94d9c53-c5ac-439c-b57f-c8751a5ad590,antmicroCapacitors0402:C_100n_0402,C_100n_0402,antmicro-footprints:C_0402_1005Metric,Murata,GRM155R61H104KE14D,,dd419c4f-8df3-4ea8-8f65-59c2bc13f8cf
C174,2,sfp.kicad_sch,/f569b0be-0afd-48b7-93ee-28582a4c645c/a94d9c53-c5ac-439c-b57f-c8751a5ad590,antmicroCapacitors0402:C_100n_0402,C_100n_0402,antmicro-footprints:C_0402_1005Metric,Murata,GRM155R61H104KE14D,,dd1d10dd-7ceb-47c7-96e7-6b68caf7547d
C175,2,sfp.kicad_sch,/f569b0be-0afd-48b7-93ee-28582a4c645c/a94d9c53-c5ac-439c-b57f-c8751a5ad590,antmicroCapacitors0402:C_100n_0402,C_100n_0402,antmicro-footprints:C_0402_1005Metric,Murata,GRM155R61H104KE14D,,d18b5f72-ae9b-4886-83f8-23e777e6bf2f
C176,2,sfp.kicad_sch,/f569b0be-0afd-48b7-93ee-28582a4c645c/a94d9c53-c5ac-439c-b57f-c8751a5ad590,antmicroCapacitors0402:C_100n_0402,C_100n_0402,antmicro-footprints:C_0402_1005Metric,Murata,GRM155R61H104KE14D,,687a4e96-0048-43bc-8919-46a484df37f6
C177,2,sfp.kicad_sch,/f569b0be-0afd-48b7-93ee-28582a4c645c/a94d9c53-c5ac-439c-b57f-c8751a5ad590,antmicroCapacitors0402:C_100n_0402,C_100n_0402,antmicro-footprints:C_0402_1005Metric,Murata,GRM155R61H104KE14D,,d0a8c5ee-3223-4851-853c-ff420c2959a6
C178,2,sfp.kicad_sch,/f569b0be-0afd-48b7-93ee-28582a4c645c/a94d9c53-c5ac-439c-b57f-c8751a5ad590,antmicroCapacitors0402:C_100n_0402,C_100n_0402,antmicro-footprints:C_0402_1005Metric,Murata,GRM155R61H104KE14D,,947319bf-b670-4656-b449-7b01269cea70
C179,2,sfp.kicad_sch,/f569b0be-0afd-48b7-93ee-28582a4c645c/a94d9c53-c5ac-439c-b57f-c8751a5ad590,antmicroCapacitors0402:C_100n_0402,C_100n_0402,antmicro-footprints:C_0402_1005Metric,Murata,GRM155R61H104KE14D,,07c25bf8-740e-4fa5-b0fe-89f3a375b53a
C180,2,sfp.kicad_sch,/f569b0be-0afd-48b7-93ee-28582a4c645c/a94d9c53-c5ac-439c-b57f-c8751a5ad590,antmicroCapacitors0402:C_100n_0402,C_100n_0402,antmicro-footprints:C_0402_1005Metric,Murata,GRM155R61H104KE14D,,e64b2bcd-e59a-4486-b5f6-8abfd39c634e
C181,10,m2.kicad_sch,/f569b0be-0afd-48b7-93ee-28582a4c645c/456a2f48-4934-4d0e-aaf0-f39b01ccc0c1,antmicroCapacitors0402:C_220n_0402,C_220n_0402,antmicro-footprints:C_0402_1005Metric,YAGEO,CC0402KRX5R6BB224,,d5768f31-2243-4861-bd8a-700353ec3dcc
C182,10,m2.kicad_sch,/f569b0be-0afd-48b7-93ee-28582a4c645c/456a2f48-4934-4d0e-aaf0-f39b01ccc0c1,antmicroCapacitors0402:C_220n_0402,C_220n_0402,antmicro-footprints:C_0402_1005Metric,YAGEO,CC0402KRX5R6BB224,,58d7f069-7d50-4e09-8bb5-fed41835a4ee
C183,10,m2.kicad_sch,/f569b0be-0afd-48b7-93ee-28582a4c645c/456a2f48-4934-4d0e-aaf0-f39b01ccc0c1,antmicroCapacitors0402:C_220n_0402,C_220n_0402,antmicro-footprints:C_0402_1005Metric,YAGEO,CC0402KRX5R6BB224,,ebda9d01-c727-48aa-beab-5d577fceb6d4
C184,10,m2.kicad_sch,/f569b0be-0afd-48b7-93ee-28582a4c645c/456a2f48-4934-4d0e-aaf0-f39b01ccc0c1,antmicroCapacitors0402:C_220n_0402,C_220n_0402,antmicro-footprints:C_0402_1005Metric,YAGEO,CC0402KRX5R6BB224,,43c55197-6cc3-47b4-ab17-349920d4c165
C185,10,m2.kicad_sch,/f569b0be-0afd-48b7-93ee-28582a4c645c/456a2f48-4934-4d0e-aaf0-f39b01ccc0c1,antmicroCapacitors0402:C_220n_0402,C_220n_0402,antmicro-footprints:C_0402_1005Metric,YAGEO,CC0402KRX5R6BB224,,1502637a-3a25-4e74-a0df-8428fc52fdab
C186,10,m2.kicad_sch,/f569b0be-0afd-48b7-93ee-28582a4c645c/456a2f48-4934-4d0e-aaf0-f39b01ccc0c1,antmicroCapacitors0402:C_220n_0402,C_220n_0402,antmicro-footprints:C_0402_1005Metric,YAGEO,CC0402KRX5R6BB224,,fcf33bec-1774-4aa8-8291-c937c0805cd7
C187,10,m2.kicad_sch,/f569b0be-0afd-48b7-93ee-28582a4c645c/456a2f48-4934-4d0e-aaf0-f39b01ccc0c1,antmicroCapacitors0402:C_220n_0402,C_220n_0402,antmicro-footprints:C_0402_1005Metric,YAGEO,CC0402KRX5R6BB224,,372b1b37-f829-4c74-895d-976e77fd3a1c
C188,10,m2.kicad_sch,/f569b0be-0afd-48b7-93ee-28582a4c645c/456a2f48-4934-4d0e-aaf0-f39b01ccc0c1,antmicroCapacitors0402:C_220n_0402,C_220n_0402,antmicro-footprints:C_0402_1005Metric,YAGEO,CC0402KRX5R6BB224,,3e86a835-7d9f-49cc-8336-c89526f22915
C189,2,m2.kicad_sch,/f569b0be-0afd-48b7-93ee-28582a4c645c/456a2f48-4934-4d0e-aaf0-f39b01ccc0c1,antmicroCapacitors0402:C_100n_0402,C_100n_0402,antmicro-footprints:C_0402_1005Metric,Murata,GRM155R61H104KE14D,,faecca18-2223-4377-a51e-4b230f0b125e
C190,4,m2.kicad_sch,/f569b0be-0afd-48b7-93ee-28582a4c645c/456a2f48-4934-4d0e-aaf0-f39b01ccc0c1,antmicroCapacitors0603:C_22u_16V_0603,C_22u_16V_0603,antmicro-footprints:C_0603_1608Metric_EIA,Samsung Electro-Mechanics,CL10A226MO7JZNC,,932c9f0c-66fb-4d17-b0ca-06e0258fc6c1
C191,4,m2.kicad_sch,/f569b0be-0afd-48b7-93ee-28582a4c645c/456a2f48-4934-4d0e-aaf0-f39b01ccc0c1,antmicroCapacitors0603:C_22u_16V_0603,C_22u_16V_0603,antmicro-footprints:C_0603_1608Metric_EIA,Samsung Electro-Mechanics,CL10A226MO7JZNC,,8185f8d0-109a-47c6-bdc4-a57c8f467026
C192,4,m2.kicad_sch,/f569b0be-0afd-48b7-93ee-28582a4c645c/456a2f48-4934-4d0e-aaf0-f39b01ccc0c1,antmicroCapacitors0603:C_22u_16V_0603,C_22u_16V_0603,antmicro-footprints:C_0603_1608Metric_EIA,Samsung Electro-Mechanics,CL10A226MO7JZNC,,b95299d5-b0dc-4e65-ac71-9e1cdf7f0356
C193,4,m2.kicad_sch,/f569b0be-0afd-48b7-93ee-28582a4c645c/456a2f48-4934-4d0e-aaf0-f39b01ccc0c1,antmicroCapacitors0603:C_22u_16V_0603,C_22u_16V_0603,antmicro-footprints:C_0603_1608Metric_EIA,Samsung Electro-Mechanics,CL10A226MO7JZNC,,62ae0c2f-0a0f-42ed-a13f-19f18fd9063b
C194,10,m2.kicad_sch,/f569b0be-0afd-48b7-93ee-28582a4c645c/456a2f48-4934-4d0e-aaf0-f39b01ccc0c1,antmicroCapacitors0402:C_220n_0402,C_220n_0402,antmicro-footprints:C_0402_1005Metric,YAGEO,CC0402KRX5R6BB224,,b83bf6f4-3f72-4e29-a04b-7d8d04ec33ec
C195,11,usb_hub.kicad_sch,/f569b0be-0afd-48b7-93ee-28582a4c645c/3fd0fbfa-9a42-4c7b-8c1c-08c3e88df372,antmicroCapacitors0402:C_1n_0402,C_1n_0402,antmicro-footprints:C_0402_1005Metric,Murata,GRM1555C1H102JA01D,,13fb2f1d-7c89-458f-8b76-45ebd48c48e6
C196,10,m2.kicad_sch,/f569b0be-0afd-48b7-93ee-28582a4c645c/456a2f48-4934-4d0e-aaf0-f39b01ccc0c1,antmicroCapacitors0402:C_220n_0402,C_220n_0402,antmicro-footprints:C_0402_1005Metric,YAGEO,CC0402KRX5R6BB224,,778f53ad-dd23-4c15-ae9d-c7af9c632fd6
C197,2,dcdc.kicad_sch,/f569b0be-0afd-48b7-93ee-28582a4c645c/24bfa3d1-0a03-41a0-8beb-0ef00bfb4ba3,antmicroCapacitors0402:C_100n_0402,C_100n_0402,antmicro-footprints:C_0402_1005Metric,Murata,GRM155R61H104KE14D,,996334ad-f363-4dc4-a38b-f801b35a7e4d
C198,4,m2.kicad_sch,/f569b0be-0afd-48b7-93ee-28582a4c645c/456a2f48-4934-4d0e-aaf0-f39b01ccc0c1,antmicroCapacitors0603:C_22u_16V_0603,C_22u_16V_0603,antmicro-footprints:C_0603_1608Metric_EIA,Samsung Electro-Mechanics,CL10A226MO7JZNC,,029506f9-13e4-414e-a7d1-0f00dc9d226e
C199,2,som_io2.kicad_sch,/f569b0be-0afd-48b7-93ee-28582a4c645c/656db8bb-c788-4c93-9592-ce18fa1a48a2,antmicroCapacitors0402:C_100n_0402,C_100n_0402,antmicro-footprints:C_0402_1005Metric,Murata,GRM155R61H104KE14D,,95754841-7ac4-4b76-a78c-5513b81c2a40
C200,2,recovery_usb.kicad_sch,/f569b0be-0afd-48b7-93ee-28582a4c645c/ee0c56cd-dc85-44e4-b5e6-458df3809c6c,antmicroCapacitors0402:C_100n_0402,C_100n_0402,antmicro-footprints:C_0402_1005Metric,Murata,GRM155R61H104KE14D,,65c00c72-182d-4d9f-adf6-9fa4d9f33df2
C201,2,recovery_usb.kicad_sch,/f569b0be-0afd-48b7-93ee-28582a4c645c/ee0c56cd-dc85-44e4-b5e6-458df3809c6c,antmicroCapacitors0402:C_100n_0402,C_100n_0402,antmicro-footprints:C_0402_1005Metric,Murata,GRM155R61H104KE14D,,9e088994-0e81-44ef-95ac-b18a81bf76b2
C202,2,peripherals.kicad_sch,/f569b0be-0afd-48b7-93ee-28582a4c645c/f57c04fe-502b-4d07-880b-2cf807d3e5a1,antmicroCapacitors0402:C_100n_0402,C_100n_0402,antmicro-footprints:C_0402_1005Metric,Murata,GRM155R61H104KE14D,,7f563875-9320-4133-8937-7e44c8603338
C203,2,peripherals.kicad_sch,/f569b0be-0afd-48b7-93ee-28582a4c645c/f57c04fe-502b-4d07-880b-2cf807d3e5a1,antmicroCapacitors0402:C_100n_0402,C_100n_0402,antmicro-footprints:C_0402_1005Metric,Murata,GRM155R61H104KE14D,,1c06de6a-7588-49e9-9709-cb445c99fcfa
C204,2,peripherals.kicad_sch,/f569b0be-0afd-48b7-93ee-28582a4c645c/f57c04fe-502b-4d07-880b-2cf807d3e5a1,antmicroCapacitors0402:C_100n_0402,C_100n_0402,antmicro-footprints:C_0402_1005Metric,Murata,GRM155R61H104KE14D,,5250bd2d-9185-4fc2-a3ca-f89e33a20b4b
C205,2,peripherals.kicad_sch,/f569b0be-0afd-48b7-93ee-28582a4c645c/f57c04fe-502b-4d07-880b-2cf807d3e5a1,antmicroCapacitors0402:C_100n_0402,C_100n_0402,antmicro-footprints:C_0402_1005Metric,Murata,GRM155R61H104KE14D,,9d67bd3f-104a-49c5-a65f-3d76fb6945b6
C206,2,peripherals.kicad_sch,/f569b0be-0afd-48b7-93ee-28582a4c645c/f57c04fe-502b-4d07-880b-2cf807d3e5a1,antmicroCapacitors0402:C_100n_0402,C_100n_0402,antmicro-footprints:C_0402_1005Metric,Murata,GRM155R61H104KE14D,,b37f42ba-3f36-43c7-9481-4dea2abecb1f
C207,3,peripherals.kicad_sch,/f569b0be-0afd-48b7-93ee-28582a4c645c/f57c04fe-502b-4d07-880b-2cf807d3e5a1,antmicroCapacitors0402:C_10u_0402,C_10u_0402,antmicro-footprints:C_0402_1005Metric,YAGEO,CC0402MRX5R5BB106,,77b08675-bbd6-4ffa-b35c-24d9742655e6
C208,2,peripherals.kicad_sch,/f569b0be-0afd-48b7-93ee-28582a4c645c/f57c04fe-502b-4d07-880b-2cf807d3e5a1,antmicroCapacitors0402:C_100n_0402,C_100n_0402,antmicro-footprints:C_0402_1005Metric,Murata,GRM155R61H104KE14D,,bba124d8-5696-4d6d-8e4f-8dbbfcb6a2b0
C209,2,peripherals.kicad_sch,/f569b0be-0afd-48b7-93ee-28582a4c645c/f57c04fe-502b-4d07-880b-2cf807d3e5a1,antmicroCapacitors0402:C_100n_0402,C_100n_0402,antmicro-footprints:C_0402_1005Metric,Murata,GRM155R61H104KE14D,,0438926c-4c8c-4ec1-a513-bfd17f8f93d1
C210,2,peripherals.kicad_sch,/f569b0be-0afd-48b7-93ee-28582a4c645c/f57c04fe-502b-4d07-880b-2cf807d3e5a1,antmicroCapacitors0402:C_100n_0402,C_100n_0402,antmicro-footprints:C_0402_1005Metric,Murata,GRM155R61H104KE14D,,01b3497b-f1f9-4765-80fd-c6111c9a2b1a
C211,10,expansion_connector.kicad_sch,/f569b0be-0afd-48b7-93ee-28582a4c645c/5fb038ee-4d59-43de-81a4-b4c993aa7149,antmicroCapacitors0402:C_220n_0402,C_220n_0402,antmicro-footprints:C_0402_1005Metric,YAGEO,CC0402KRX5R6BB224,,290bd448-0c4b-4699-95ec-1bd77921d415
C212,10,expansion_connector.kicad_sch,/f569b0be-0afd-48b7-93ee-28582a4c645c/5fb038ee-4d59-43de-81a4-b4c993aa7149,antmicroCapacitors0402:C_220n_0402,C_220n_0402,antmicro-footprints:C_0402_1005Metric,YAGEO,CC0402KRX5R6BB224,,7d461c38-4fd5-4f16-9625-95c2865de2c9
C213,10,expansion_connector.kicad_sch,/f569b0be-0afd-48b7-93ee-28582a4c645c/5fb038ee-4d59-43de-81a4-b4c993aa7149,antmicroCapacitors0402:C_220n_0402,C_220n_0402,antmicro-footprints:C_0402_1005Metric,YAGEO,CC0402KRX5R6BB224,,f209156f-6ace-4bc4-bbbe-067a1ddbe12e
C214,10,expansion_connector.kicad_sch,/f569b0be-0afd-48b7-93ee-28582a4c645c/5fb038ee-4d59-43de-81a4-b4c993aa7149,antmicroCapacitors0402:C_220n_0402,C_220n_0402,antmicro-footprints:C_0402_1005Metric,YAGEO,CC0402KRX5R6BB224,,6303a7ea-2d21-4f63-a330-3fb319314197
C216,2,som_io.kicad_sch,/f569b0be-0afd-48b7-93ee-28582a4c645c/5e8e155a-019a-4868-a371-a2eb1e119b3e,antmicroCapacitors0402:C_100n_0402,C_100n_0402,antmicro-footprints:C_0402_1005Metric,Murata,GRM155R61H104KE14D,,6bb094a7-7ab7-47d8-ab4b-4f1da104e9f9
C217,2,dcdc.kicad_sch,/f569b0be-0afd-48b7-93ee-28582a4c645c/24bfa3d1-0a03-41a0-8beb-0ef00bfb4ba3,antmicroCapacitors0402:C_100n_0402,C_100n_0402,antmicro-footprints:C_0402_1005Metric,Murata,GRM155R61H104KE14D,,c558bfbc-0e95-42a5-8500-4bb6cc18980a
C218,7,dcdc.kicad_sch,/f569b0be-0afd-48b7-93ee-28582a4c645c/24bfa3d1-0a03-41a0-8beb-0ef00bfb4ba3,antmicroCapacitors0402:C_4u7_25V_0402,C_4u7_25V_0402,antmicro-footprints:C_0402_1005Metric,Murata,GRM155C61E475ME15J,,fc3f3514-2584-4fcb-98cb-01fdf9af084f
C219,10,expansion_connector.kicad_sch,/f569b0be-0afd-48b7-93ee-28582a4c645c/5fb038ee-4d59-43de-81a4-b4c993aa7149,antmicroCapacitors0402:C_220n_0402,C_220n_0402,antmicro-footprints:C_0402_1005Metric,YAGEO,CC0402KRX5R6BB224,,cc38487b-104d-48ff-8cf5-185d2bad3ce4
C220,10,expansion_connector.kicad_sch,/f569b0be-0afd-48b7-93ee-28582a4c645c/5fb038ee-4d59-43de-81a4-b4c993aa7149,antmicroCapacitors0402:C_220n_0402,C_220n_0402,antmicro-footprints:C_0402_1005Metric,YAGEO,CC0402KRX5R6BB224,,835cfec5-8577-4e1c-b544-b2af2ec48d0d
C221,2,dcdc.kicad_sch,/f569b0be-0afd-48b7-93ee-28582a4c645c/24bfa3d1-0a03-41a0-8beb-0ef00bfb4ba3,antmicroCapacitors0402:C_100n_0402,C_100n_0402,antmicro-footprints:C_0402_1005Metric,Murata,GRM155R61H104KE14D,,3d3f5558-593b-42c0-b10c-dec84f784807
C222,5,dcdc.kicad_sch,/f569b0be-0afd-48b7-93ee-28582a4c645c/24bfa3d1-0a03-41a0-8beb-0ef00bfb4ba3,antmicroCapacitorsmisc:C_22u_25V_0805,C_22u_25V_0805,antmicro-footprints:C_0805_2012Metric,Samsung Electro-Mechanics,CL21A226MAYNNNE,,110f330b-b782-4b70-99c8-5beda885a7ca
C223,2,som_power.kicad_sch,/f569b0be-0afd-48b7-93ee-28582a4c645c/33df10a9-5b30-4fa6-b34e-d62ce1b48c65,antmicroCapacitors0402:C_100n_0402,C_100n_0402,antmicro-footprints:C_0402_1005Metric,Murata,GRM155R61H104KE14D,,d5b2dd52-7ff4-4611-80c1-dff3e15f89cc
C224,4,dcdc.kicad_sch,/f569b0be-0afd-48b7-93ee-28582a4c645c/24bfa3d1-0a03-41a0-8beb-0ef00bfb4ba3,antmicroCapacitors0603:C_22u_16V_0603,C_22u_16V_0603,antmicro-footprints:C_0603_1608Metric_EIA,Samsung Electro-Mechanics,CL10A226MO7JZNC,,43a53225-8118-42b5-9811-a14b7899a0a9
C225,2,som_power.kicad_sch,/f569b0be-0afd-48b7-93ee-28582a4c645c/33df10a9-5b30-4fa6-b34e-d62ce1b48c65,antmicroCapacitors0402:C_100n_0402,C_100n_0402,antmicro-footprints:C_0402_1005Metric,Murata,GRM155R61H104KE14D,,0eb85f77-d2b7-4643-b62c-319a1471d788
C226,8,som_power.kicad_sch,/f569b0be-0afd-48b7-93ee-28582a4c645c/33df10a9-5b30-4fa6-b34e-d62ce1b48c65,antmicroCapacitors0402:C_1u_25V_0402,C_1u_25V_0402,antmicro-footprints:C_0402_1005Metric,Murata,GRM155R61E105KE11J,,5f6cf3d1-bd97-47d1-9ab8-f3928951122f
C227,5,expansion_connector.kicad_sch,/f569b0be-0afd-48b7-93ee-28582a4c645c/5fb038ee-4d59-43de-81a4-b4c993aa7149,antmicroCapacitorsmisc:C_22u_25V_0805,C_22u_25V_0805,antmicro-footprints:C_0805_2012Metric,Samsung Electro-Mechanics,CL21A226MAYNNNE,,e73359f8-8058-4a28-ab06-9be7a88da532
C228,5,expansion_connector.kicad_sch,/f569b0be-0afd-48b7-93ee-28582a4c645c/5fb038ee-4d59-43de-81a4-b4c993aa7149,antmicroCapacitorsmisc:C_22u_25V_0805,C_22u_25V_0805,antmicro-footprints:C_0805_2012Metric,Samsung Electro-Mechanics,CL21A226MAYNNNE,,a7327a8f-3b96-449c-a201-f84675152e69
C229,5,expansion_connector.kicad_sch,/f569b0be-0afd-48b7-93ee-28582a4c645c/5fb038ee-4d59-43de-81a4-b4c993aa7149,antmicroCapacitorsmisc:C_22u_25V_0805,C_22u_25V_0805,antmicro-footprints:C_0805_2012Metric,Samsung Electro-Mechanics,CL21A226MAYNNNE,,18d7eb4c-82ac-4d7c-8963-850100165952
C230,5,expansion_connector.kicad_sch,/f569b0be-0afd-48b7-93ee-28582a4c645c/5fb038ee-4d59-43de-81a4-b4c993aa7149,antmicroCapacitorsmisc:C_22u_25V_0805,C_22u_25V_0805,antmicro-footprints:C_0805_2012Metric,Samsung Electro-Mechanics,CL21A226MAYNNNE,,7ef089af-26f2-4d0b-a14a-2185b76fb3b0
C231,3,recovery_usb.kicad_sch,/f569b0be-0afd-48b7-93ee-28582a4c645c/ee0c56cd-dc85-44e4-b5e6-458df3809c6c,antmicroCapacitors0402:C_10u_0402,C_10u_0402,antmicro-footprints:C_0402_1005Metric,YAGEO,CC0402MRX5R5BB106,,4625eb8a-cbf3-4aa3-918b-e6f53b5db03e
C232,2,recovery_usb.kicad_sch,/f569b0be-0afd-48b7-93ee-28582a4c645c/ee0c56cd-dc85-44e4-b5e6-458df3809c6c,antmicroCapacitors0402:C_100n_0402,C_100n_0402,antmicro-footprints:C_0402_1005Metric,Murata,GRM155R61H104KE14D,,c4775c66-812e-4394-9e4b-bcf98c2e2a32
C233,2,usb_debug_pd.kicad_sch,/f569b0be-0afd-48b7-93ee-28582a4c645c/12c19ba5-8fdc-4775-a33b-e8b1ade01b0a,antmicroCapacitors0402:C_100n_0402,C_100n_0402,antmicro-footprints:C_0402_1005Metric,Murata,GRM155R61H104KE14D,,1e61c240-9dfd-4dfe-8af5-7ba3eec32261
C234,2,usb_debug_pd.kicad_sch,/f569b0be-0afd-48b7-93ee-28582a4c645c/12c19ba5-8fdc-4775-a33b-e8b1ade01b0a,antmicroCapacitors0402:C_100n_0402,C_100n_0402,antmicro-footprints:C_0402_1005Metric,Murata,GRM155R61H104KE14D,,8301ff28-777f-4ad8-ae0f-c4644a39c554
C235,5,dcdc.kicad_sch,/f569b0be-0afd-48b7-93ee-28582a4c645c/24bfa3d1-0a03-41a0-8beb-0ef00bfb4ba3,antmicroCapacitorsmisc:C_22u_25V_0805,C_22u_25V_0805,antmicro-footprints:C_0805_2012Metric,Samsung Electro-Mechanics,CL21A226MAYNNNE,,e86835e3-23ce-422e-a9a0-bd4db59cae80
C236,2,som_power.kicad_sch,/f569b0be-0afd-48b7-93ee-28582a4c645c/33df10a9-5b30-4fa6-b34e-d62ce1b48c65,antmicroCapacitors0402:C_100n_0402,C_100n_0402,antmicro-footprints:C_0402_1005Metric,Murata,GRM155R61H104KE14D,,1c9a42d0-d02d-4f0a-8a13-8a0c18eb9dd8
C239,2,som_power.kicad_sch,/f569b0be-0afd-48b7-93ee-28582a4c645c/33df10a9-5b30-4fa6-b34e-d62ce1b48c65,antmicroCapacitors0402:C_100n_0402,C_100n_0402,antmicro-footprints:C_0402_1005Metric,Murata,GRM155R61H104KE14D,,298298b0-3394-4c48-a6f9-a7085a008098
C241,5,dcdc.kicad_sch,/f569b0be-0afd-48b7-93ee-28582a4c645c/24bfa3d1-0a03-41a0-8beb-0ef00bfb4ba3,antmicroCapacitorsmisc:C_22u_25V_0805,C_22u_25V_0805,antmicro-footprints:C_0805_2012Metric,Samsung Electro-Mechanics,CL21A226MAYNNNE,,793edb7d-5bbb-4b15-8b5a-ad93fc1842e3
C242,5,dcdc.kicad_sch,/f569b0be-0afd-48b7-93ee-28582a4c645c/24bfa3d1-0a03-41a0-8beb-0ef00bfb4ba3,antmicroCapacitorsmisc:C_22u_25V_0805,C_22u_25V_0805,antmicro-footprints:C_0805_2012Metric,Samsung Electro-Mechanics,CL21A226MAYNNNE,,46a6ad58-33de-4f7e-8fbc-78890bdf8455
C243,2,dcdc.kicad_sch,/f569b0be-0afd-48b7-93ee-28582a4c645c/24bfa3d1-0a03-41a0-8beb-0ef00bfb4ba3,antmicroCapacitors0402:C_100n_0402,C_100n_0402,antmicro-footprints:C_0402_1005Metric,Murata,GRM155R61H104KE14D,,34895081-9b61-4f0c-b40a-4e6f2053de69
C244,6,dcdc.kicad_sch,/f569b0be-0afd-48b7-93ee-28582a4c645c/24bfa3d1-0a03-41a0-8beb-0ef00bfb4ba3,antmicroCapacitors0402:C_1u_0402,C_1u_0402,antmicro-footprints:C_0402_1005Metric,TDK,C1005X6S1A105K050BC,,b5e3f5b6-e059-46b7-84a5-0a443d25e358
C245,7,dcdc.kicad_sch,/f569b0be-0afd-48b7-93ee-28582a4c645c/24bfa3d1-0a03-41a0-8beb-0ef00bfb4ba3,antmicroCapacitors0402:C_4u7_25V_0402,C_4u7_25V_0402,antmicro-footprints:C_0402_1005Metric,Murata,GRM155C61E475ME15J,,2aab19d9-59ad-4b61-8602-45a134560017
C246,2,dcdc.kicad_sch,/f569b0be-0afd-48b7-93ee-28582a4c645c/24bfa3d1-0a03-41a0-8beb-0ef00bfb4ba3,antmicroCapacitors0402:C_100n_0402,C_100n_0402,antmicro-footprints:C_0402_1005Metric,Murata,GRM155R61H104KE14D,,f7fc82a9-664b-417e-82de-e4fd6ff38fa1
C247,5,dcdc.kicad_sch,/f569b0be-0afd-48b7-93ee-28582a4c645c/24bfa3d1-0a03-41a0-8beb-0ef00bfb4ba3,antmicroCapacitorsmisc:C_22u_25V_0805,C_22u_25V_0805,antmicro-footprints:C_0805_2012Metric,Samsung Electro-Mechanics,CL21A226MAYNNNE,,0e41ef94-9c68-4990-8b5c-b936f54f60c0
C248,5,dcdc.kicad_sch,/f569b0be-0afd-48b7-93ee-28582a4c645c/24bfa3d1-0a03-41a0-8beb-0ef00bfb4ba3,antmicroCapacitorsmisc:C_22u_25V_0805,C_22u_25V_0805,antmicro-footprints:C_0805_2012Metric,Samsung Electro-Mechanics,CL21A226MAYNNNE,,3b9081dc-4e6b-407f-88e7-8755c5388b8f
C249,5,dcdc.kicad_sch,/f569b0be-0afd-48b7-93ee-28582a4c645c/24bfa3d1-0a03-41a0-8beb-0ef00bfb4ba3,antmicroCapacitorsmisc:C_22u_25V_0805,C_22u_25V_0805,antmicro-footprints:C_0805_2012Metric,Samsung Electro-Mechanics,CL21A226MAYNNNE,,3f655cfc-c13f-4fbe-a1a2-083b190eb03e
C250,5,dcdc.kicad_sch,/f569b0be-0afd-48b7-93ee-28582a4c645c/24bfa3d1-0a03-41a0-8beb-0ef00bfb4ba3,antmicroCapacitorsmisc:C_22u_25V_0805,C_22u_25V_0805,antmicro-footprints:C_0805_2012Metric,Samsung Electro-Mechanics,CL21A226MAYNNNE,,854d81fb-0641-4457-9b2f-3ce9a4b55fe6
C251,8,som_power.kicad_sch,/f569b0be-0afd-48b7-93ee-28582a4c645c/33df10a9-5b30-4fa6-b34e-d62ce1b48c65,antmicroCapacitors0402:C_1u_25V_0402,C_1u_25V_0402,antmicro-footprints:C_0402_1005Metric,Murata,GRM155R61E105KE11J,,c16e635e-838d-402d-9365-62a8fa8e10d7
C252,2,recovery_usb.kicad_sch,/f569b0be-0afd-48b7-93ee-28582a4c645c/ee0c56cd-dc85-44e4-b5e6-458df3809c6c,antmicroCapacitors0402:C_100n_0402,C_100n_0402,antmicro-footprints:C_0402_1005Metric,Murata,GRM155R61H104KE14D,,1e53c04c-8f97-443b-8020-c4fdee74cb94
C253,2,usb_hub.kicad_sch,/f569b0be-0afd-48b7-93ee-28582a4c645c/3fd0fbfa-9a42-4c7b-8c1c-08c3e88df372,antmicroCapacitors0402:C_100n_0402,C_100n_0402,antmicro-footprints:C_0402_1005Metric,Murata,GRM155R61H104KE14D,,6d081cf3-9b48-490f-b11f-6362b11bf15a
C254,2,usb_hub.kicad_sch,/f569b0be-0afd-48b7-93ee-28582a4c645c/3fd0fbfa-9a42-4c7b-8c1c-08c3e88df372,antmicroCapacitors0402:C_100n_0402,C_100n_0402,antmicro-footprints:C_0402_1005Metric,Murata,GRM155R61H104KE14D,,2e3bb82a-77d8-49eb-aafb-13a6b83b725b
C255,2,usb_hub.kicad_sch,/f569b0be-0afd-48b7-93ee-28582a4c645c/3fd0fbfa-9a42-4c7b-8c1c-08c3e88df372,antmicroCapacitors0402:C_100n_0402,C_100n_0402,antmicro-footprints:C_0402_1005Metric,Murata,GRM155R61H104KE14D,,3ed223d1-83a6-4f92-bed6-67a65662333d
C256,2,usb_hub.kicad_sch,/f569b0be-0afd-48b7-93ee-28582a4c645c/3fd0fbfa-9a42-4c7b-8c1c-08c3e88df372,antmicroCapacitors0402:C_100n_0402,C_100n_0402,antmicro-footprints:C_0402_1005Metric,Murata,GRM155R61H104KE14D,,efc1e635-4e6b-4b48-9df5-523599ae6d37
C257,5,dcdc.kicad_sch,/f569b0be-0afd-48b7-93ee-28582a4c645c/24bfa3d1-0a03-41a0-8beb-0ef00bfb4ba3,antmicroCapacitorsmisc:C_22u_25V_0805,C_22u_25V_0805,antmicro-footprints:C_0805_2012Metric,Samsung Electro-Mechanics,CL21A226MAYNNNE,,80507789-64ee-45ee-85eb-6e685142c19f
C258,5,dcdc.kicad_sch,/f569b0be-0afd-48b7-93ee-28582a4c645c/24bfa3d1-0a03-41a0-8beb-0ef00bfb4ba3,antmicroCapacitorsmisc:C_22u_25V_0805,C_22u_25V_0805,antmicro-footprints:C_0805_2012Metric,Samsung Electro-Mechanics,CL21A226MAYNNNE,,ecf3d998-e671-420a-89cc-3eb66251fb3f
C259,5,dcdc.kicad_sch,/f569b0be-0afd-48b7-93ee-28582a4c645c/24bfa3d1-0a03-41a0-8beb-0ef00bfb4ba3,antmicroCapacitorsmisc:C_22u_25V_0805,C_22u_25V_0805,antmicro-footprints:C_0805_2012Metric,Samsung Electro-Mechanics,CL21A226MAYNNNE,,b9726ce2-3069-45da-9d33-551c4a8c973d
C260,5,dcdc.kicad_sch,/f569b0be-0afd-48b7-93ee-28582a4c645c/24bfa3d1-0a03-41a0-8beb-0ef00bfb4ba3,antmicroCapacitorsmisc:C_22u_25V_0805,C_22u_25V_0805,antmicro-footprints:C_0805_2012Metric,Samsung Electro-Mechanics,CL21A226MAYNNNE,,7ed90ec5-87b8-49ad-8bf2-cfda72c444a5
C263,2,power.kicad_sch,/f569b0be-0afd-48b7-93ee-28582a4c645c/18ddd5dc-52e2-402c-b2e2-8bb33f110eab,antmicroCapacitors0402:C_100n_0402,C_100n_0402,antmicro-footprints:C_0402_1005Metric,Murata,GRM155R61H104KE14D,,9b1293f4-a826-4023-aa2a-1d8ad51b42f9
C264,2,power.kicad_sch,/f569b0be-0afd-48b7-93ee-28582a4c645c/18ddd5dc-52e2-402c-b2e2-8bb33f110eab,antmicroCapacitors0402:C_100n_0402,C_100n_0402,antmicro-footprints:C_0402_1005Metric,Murata,GRM155R61H104KE14D,,3ef005ab-a803-4884-89e1-054340f5c9fb
C265,8,power.kicad_sch,/f569b0be-0afd-48b7-93ee-28582a4c645c/18ddd5dc-52e2-402c-b2e2-8bb33f110eab,antmicroCapacitors0402:C_1u_25V_0402,C_1u_25V_0402,antmicro-footprints:C_0402_1005Metric,Murata,GRM155R61E105KE11J,,36532485-d4b0-436f-bcc2-d81f3bf16ce6
C266,8,power.kicad_sch,/f569b0be-0afd-48b7-93ee-28582a4c645c/18ddd5dc-52e2-402c-b2e2-8bb33f110eab,antmicroCapacitors0402:C_1u_25V_0402,C_1u_25V_0402,antmicro-footprints:C_0402_1005Metric,Murata,GRM155R61E105KE11J,,926e513b-f2c7-442d-9a43-9572323ac4d2
C267,5,dcdc.kicad_sch,/f569b0be-0afd-48b7-93ee-28582a4c645c/24bfa3d1-0a03-41a0-8beb-0ef00bfb4ba3,antmicroCapacitorsmisc:C_22u_25V_0805,C_22u_25V_0805,antmicro-footprints:C_0805_2012Metric,Samsung Electro-Mechanics,CL21A226MAYNNNE,,b20a0922-83c5-412b-86bf-38bc87bbb7b6
C268,5,dcdc.kicad_sch,/f569b0be-0afd-48b7-93ee-28582a4c645c/24bfa3d1-0a03-41a0-8beb-0ef00bfb4ba3,antmicroCapacitorsmisc:C_22u_25V_0805,C_22u_25V_0805,antmicro-footprints:C_0805_2012Metric,Samsung Electro-Mechanics,CL21A226MAYNNNE,,029274fa-ff98-404d-ba6d-cf0e024711bb
C269,5,dcdc.kicad_sch,/f569b0be-0afd-48b7-93ee-28582a4c645c/24bfa3d1-0a03-41a0-8beb-0ef00bfb4ba3,antmicroCapacitorsmisc:C_22u_25V_0805,C_22u_25V_0805,antmicro-footprints:C_0805_2012Metric,Samsung Electro-Mechanics,CL21A226MAYNNNE,,68085dfa-c9b9-4d15-8f3b-cc5bcab18398
C270,5,dcdc.kicad_sch,/f569b0be-0afd-48b7-93ee-28582a4c645c/24bfa3d1-0a03-41a0-8beb-0ef00bfb4ba3,antmicroCapacitorsmisc:C_22u_25V_0805,C_22u_25V_0805,antmicro-footprints:C_0805_2012Metric,Samsung Electro-Mechanics,CL21A226MAYNNNE,,0775e332-ccea-41ba-9198-d9bfa6e60ec3
C271,5,dcdc.kicad_sch,/f569b0be-0afd-48b7-93ee-28582a4c645c/24bfa3d1-0a03-41a0-8beb-0ef00bfb4ba3,antmicroCapacitorsmisc:C_22u_25V_0805,C_22u_25V_0805,antmicro-footprints:C_0805_2012Metric,Samsung Electro-Mechanics,CL21A226MAYNNNE,,4bb97e5f-45f9-4e04-9d30-b0bb734a95ab
C272,2,som_power.kicad_sch,/f569b0be-0afd-48b7-93ee-28582a4c645c/33df10a9-5b30-4fa6-b34e-d62ce1b48c65,antmicroCapacitors0402:C_100n_0402,C_100n_0402,antmicro-footprints:C_0402_1005Metric,Murata,GRM155R61H104KE14D,,6fd97737-9ff4-4336-bfee-d328b91aeb29
C273,5,dcdc.kicad_sch,/f569b0be-0afd-48b7-93ee-28582a4c645c/24bfa3d1-0a03-41a0-8beb-0ef00bfb4ba3,antmicroCapacitorsmisc:C_22u_25V_0805,C_22u_25V_0805,antmicro-footprints:C_0805_2012Metric,Samsung Electro-Mechanics,CL21A226MAYNNNE,,fccddb67-cd3e-4d96-aa06-d80b7db4ee78
C274,5,dcdc.kicad_sch,/f569b0be-0afd-48b7-93ee-28582a4c645c/24bfa3d1-0a03-41a0-8beb-0ef00bfb4ba3,antmicroCapacitorsmisc:C_22u_25V_0805,C_22u_25V_0805,antmicro-footprints:C_0805_2012Metric,Samsung Electro-Mechanics,CL21A226MAYNNNE,,513f4432-2193-4341-85d7-df5baa26a31b
C275,5,dcdc.kicad_sch,/f569b0be-0afd-48b7-93ee-28582a4c645c/24bfa3d1-0a03-41a0-8beb-0ef00bfb4ba3,antmicroCapacitorsmisc:C_22u_25V_0805,C_22u_25V_0805,antmicro-footprints:C_0805_2012Metric,Samsung Electro-Mechanics,CL21A226MAYNNNE,,0ed0f586-61d1-4b1b-8949-fb1e21fa23c2
C276,5,dcdc.kicad_sch,/f569b0be-0afd-48b7-93ee-28582a4c645c/24bfa3d1-0a03-41a0-8beb-0ef00bfb4ba3,antmicroCapacitorsmisc:C_22u_25V_0805,C_22u_25V_0805,antmicro-footprints:C_0805_2012Metric,Samsung Electro-Mechanics,CL21A226MAYNNNE,,52688bd9-5074-4c8d-b169-c16728125b61
C277,5,dcdc.kicad_sch,/f569b0be-0afd-48b7-93ee-28582a4c645c/24bfa3d1-0a03-41a0-8beb-0ef00bfb4ba3,antmicroCapacitorsmisc:C_22u_25V_0805,C_22u_25V_0805,antmicro-footprints:C_0805_2012Metric,Samsung Electro-Mechanics,CL21A226MAYNNNE,,bce42ecd-e2d6-4a47-bffe-e224f6ca0bd9
C278,2,dcdc.kicad_sch,/f569b0be-0afd-48b7-93ee-28582a4c645c/24bfa3d1-0a03-41a0-8beb-0ef00bfb4ba3,antmicroCapacitors0402:C_100n_0402,C_100n_0402,antmicro-footprints:C_0402_1005Metric,Murata,GRM155R61H104KE14D,,d8c7dbb8-6e4e-4649-aeb3-e550a4ce6e39
C279,6,dcdc.kicad_sch,/f569b0be-0afd-48b7-93ee-28582a4c645c/24bfa3d1-0a03-41a0-8beb-0ef00bfb4ba3,antmicroCapacitors0402:C_1u_0402,C_1u_0402,antmicro-footprints:C_0402_1005Metric,TDK,C1005X6S1A105K050BC,,cb1f6046-217b-4698-bccd-c98bd72ab25b
C280,7,dcdc.kicad_sch,/f569b0be-0afd-48b7-93ee-28582a4c645c/24bfa3d1-0a03-41a0-8beb-0ef00bfb4ba3,antmicroCapacitors0402:C_4u7_25V_0402,C_4u7_25V_0402,antmicro-footprints:C_0402_1005Metric,Murata,GRM155C61E475ME15J,,c1b97345-0cd9-4150-b347-5b9e14a5544f
C281,2,dcdc.kicad_sch,/f569b0be-0afd-48b7-93ee-28582a4c645c/24bfa3d1-0a03-41a0-8beb-0ef00bfb4ba3,antmicroCapacitors0402:C_100n_0402,C_100n_0402,antmicro-footprints:C_0402_1005Metric,Murata,GRM155R61H104KE14D,,b2ec56ff-e7d2-4566-b636-23111739db3b
C282,5,dcdc.kicad_sch,/f569b0be-0afd-48b7-93ee-28582a4c645c/24bfa3d1-0a03-41a0-8beb-0ef00bfb4ba3,antmicroCapacitorsmisc:C_22u_25V_0805,C_22u_25V_0805,antmicro-footprints:C_0805_2012Metric,Samsung Electro-Mechanics,CL21A226MAYNNNE,,e63abd2a-96c4-4282-84a4-4007a05984eb
C283,5,dcdc.kicad_sch,/f569b0be-0afd-48b7-93ee-28582a4c645c/24bfa3d1-0a03-41a0-8beb-0ef00bfb4ba3,antmicroCapacitorsmisc:C_22u_25V_0805,C_22u_25V_0805,antmicro-footprints:C_0805_2012Metric,Samsung Electro-Mechanics,CL21A226MAYNNNE,,3933db99-e54e-4be0-bfeb-64d167724500
C284,5,dcdc.kicad_sch,/f569b0be-0afd-48b7-93ee-28582a4c645c/24bfa3d1-0a03-41a0-8beb-0ef00bfb4ba3,antmicroCapacitorsmisc:C_22u_25V_0805,C_22u_25V_0805,antmicro-footprints:C_0805_2012Metric,Samsung Electro-Mechanics,CL21A226MAYNNNE,,6532c792-862e-43a0-b0fa-dcac5b1b3bb1
C285,5,dcdc.kicad_sch,/f569b0be-0afd-48b7-93ee-28582a4c645c/24bfa3d1-0a03-41a0-8beb-0ef00bfb4ba3,antmicroCapacitorsmisc:C_22u_25V_0805,C_22u_25V_0805,antmicro-footprints:C_0805_2012Metric,Samsung Electro-Mechanics,CL21A226MAYNNNE,,85fdd515-18d3-4b79-888f-d1f7b2bba9b7
C286,5,dcdc.kicad_sch,/f569b0be-0afd-48b7-93ee-28582a4c645c/24bfa3d1-0a03-41a0-8beb-0ef00bfb4ba3,antmicroCapacitorsmisc:C_22u_25V_0805,C_22u_25V_0805,antmicro-footprints:C_0805_2012Metric,Samsung Electro-Mechanics,CL21A226MAYNNNE,,9cfd6415-7e99-4e54-9810-70e16d8695af
C287,5,dcdc.kicad_sch,/f569b0be-0afd-48b7-93ee-28582a4c645c/24bfa3d1-0a03-41a0-8beb-0ef00bfb4ba3,antmicroCapacitorsmisc:C_22u_25V_0805,C_22u_25V_0805,antmicro-footprints:C_0805_2012Metric,Samsung Electro-Mechanics,CL21A226MAYNNNE,,fbf4be14-eb70-4e98-b77b-618348eef44c
C288,5,dcdc.kicad_sch,/f569b0be-0afd-48b7-93ee-28582a4c645c/24bfa3d1-0a03-41a0-8beb-0ef00bfb4ba3,antmicroCapacitorsmisc:C_22u_25V_0805,C_22u_25V_0805,antmicro-footprints:C_0805_2012Metric,Samsung Electro-Mechanics,CL21A226MAYNNNE,,6cf8d8e1-8f52-4345-b5a8-a62193d09f68
C289,5,dcdc.kicad_sch,/f569b0be-0afd-48b7-93ee-28582a4c645c/24bfa3d1-0a03-41a0-8beb-0ef00bfb4ba3,antmicroCapacitorsmisc:C_22u_25V_0805,C_22u_25V_0805,antmicro-footprints:C_0805_2012Metric,Samsung Electro-Mechanics,CL21A226MAYNNNE,,99bb8cf3-5b81-4dba-ae73-3edc6c5a645e
C290,5,dcdc.kicad_sch,/f569b0be-0afd-48b7-93ee-28582a4c645c/24bfa3d1-0a03-41a0-8beb-0ef00bfb4ba3,antmicroCapacitorsmisc:C_22u_25V_0805,C_22u_25V_0805,antmicro-footprints:C_0805_2012Metric,Samsung Electro-Mechanics,CL21A226MAYNNNE,,b7b06ed6-7591-487b-ad8d-dd11cb9cff9a
C291,5,dcdc.kicad_sch,/f569b0be-0afd-48b7-93ee-28582a4c645c/24bfa3d1-0a03-41a0-8beb-0ef00bfb4ba3,antmicroCapacitorsmisc:C_22u_25V_0805,C_22u_25V_0805,antmicro-footprints:C_0805_2012Metric,Samsung Electro-Mechanics,CL21A226MAYNNNE,,d8033a00-f5ce-414b-8013-3cfb795d38e1
C292,5,dcdc.kicad_sch,/f569b0be-0afd-48b7-93ee-28582a4c645c/24bfa3d1-0a03-41a0-8beb-0ef00bfb4ba3,antmicroCapacitorsmisc:C_22u_25V_0805,C_22u_25V_0805,antmicro-footprints:C_0805_2012Metric,Samsung Electro-Mechanics,CL21A226MAYNNNE,,700eb532-86e6-4c04-849d-f8a71d53b6e6
C293,5,dcdc.kicad_sch,/f569b0be-0afd-48b7-93ee-28582a4c645c/24bfa3d1-0a03-41a0-8beb-0ef00bfb4ba3,antmicroCapacitorsmisc:C_22u_25V_0805,C_22u_25V_0805,antmicro-footprints:C_0805_2012Metric,Samsung Electro-Mechanics,CL21A226MAYNNNE,,cf703508-7acb-4556-a3f3-619c1cd4623b
C294,5,dcdc.kicad_sch,/f569b0be-0afd-48b7-93ee-28582a4c645c/24bfa3d1-0a03-41a0-8beb-0ef00bfb4ba3,antmicroCapacitorsmisc:C_22u_25V_0805,C_22u_25V_0805,antmicro-footprints:C_0805_2012Metric,Samsung Electro-Mechanics,CL21A226MAYNNNE,,d6000721-71c1-4252-a9dd-918ba16301b3
C295,5,dcdc.kicad_sch,/f569b0be-0afd-48b7-93ee-28582a4c645c/24bfa3d1-0a03-41a0-8beb-0ef00bfb4ba3,antmicroCapacitorsmisc:C_22u_25V_0805,C_22u_25V_0805,antmicro-footprints:C_0805_2012Metric,Samsung Electro-Mechanics,CL21A226MAYNNNE,,1ba8f082-968c-4181-a711-fbd7c60be317
C296,5,dcdc.kicad_sch,/f569b0be-0afd-48b7-93ee-28582a4c645c/24bfa3d1-0a03-41a0-8beb-0ef00bfb4ba3,antmicroCapacitorsmisc:C_22u_25V_0805,C_22u_25V_0805,antmicro-footprints:C_0805_2012Metric,Samsung Electro-Mechanics,CL21A226MAYNNNE,,7e67c4ee-a1e0-40ae-8017-40c37bcb264e
C297,5,dcdc.kicad_sch,/f569b0be-0afd-48b7-93ee-28582a4c645c/24bfa3d1-0a03-41a0-8beb-0ef00bfb4ba3,antmicroCapacitorsmisc:C_22u_25V_0805,C_22u_25V_0805,antmicro-footprints:C_0805_2012Metric,Samsung Electro-Mechanics,CL21A226MAYNNNE,,f7366d93-197d-49cd-83f5-f5ffa07afb95
C298,5,dcdc.kicad_sch,/f569b0be-0afd-48b7-93ee-28582a4c645c/24bfa3d1-0a03-41a0-8beb-0ef00bfb4ba3,antmicroCapacitorsmisc:C_22u_25V_0805,C_22u_25V_0805,antmicro-footprints:C_0805_2012Metric,Samsung Electro-Mechanics,CL21A226MAYNNNE,,30e35340-930d-437d-847a-52e6c4e9cb35
C299,5,dcdc.kicad_sch,/f569b0be-0afd-48b7-93ee-28582a4c645c/24bfa3d1-0a03-41a0-8beb-0ef00bfb4ba3,antmicroCapacitorsmisc:C_22u_25V_0805,C_22u_25V_0805,antmicro-footprints:C_0805_2012Metric,Samsung Electro-Mechanics,CL21A226MAYNNNE,,3beedb33-69eb-486b-b3bd-991aa347d482
C300,5,dcdc.kicad_sch,/f569b0be-0afd-48b7-93ee-28582a4c645c/24bfa3d1-0a03-41a0-8beb-0ef00bfb4ba3,antmicroCapacitorsmisc:C_22u_25V_0805,C_22u_25V_0805,antmicro-footprints:C_0805_2012Metric,Samsung Electro-Mechanics,CL21A226MAYNNNE,,2a9db104-4b72-4ee5-99fb-716c7451fcd5
C301,5,dcdc.kicad_sch,/f569b0be-0afd-48b7-93ee-28582a4c645c/24bfa3d1-0a03-41a0-8beb-0ef00bfb4ba3,antmicroCapacitorsmisc:C_22u_25V_0805,C_22u_25V_0805,antmicro-footprints:C_0805_2012Metric,Samsung Electro-Mechanics,CL21A226MAYNNNE,,de52102f-0f27-4f4f-93c2-f21cffd9cfe9
C302,5,dcdc.kicad_sch,/f569b0be-0afd-48b7-93ee-28582a4c645c/24bfa3d1-0a03-41a0-8beb-0ef00bfb4ba3,antmicroCapacitorsmisc:C_22u_25V_0805,C_22u_25V_0805,antmicro-footprints:C_0805_2012Metric,Samsung Electro-Mechanics,CL21A226MAYNNNE,,7f1a538a-9eb8-4d6c-aaed-07a2532a2e1e
C303,5,dcdc.kicad_sch,/f569b0be-0afd-48b7-93ee-28582a4c645c/24bfa3d1-0a03-41a0-8beb-0ef00bfb4ba3,antmicroCapacitorsmisc:C_22u_25V_0805,C_22u_25V_0805,antmicro-footprints:C_0805_2012Metric,Samsung Electro-Mechanics,CL21A226MAYNNNE,,747957ea-4630-45c0-95f9-3d4d5d7dfaf5
C304,2,dcdc.kicad_sch,/f569b0be-0afd-48b7-93ee-28582a4c645c/24bfa3d1-0a03-41a0-8beb-0ef00bfb4ba3,antmicroCapacitors0402:C_100n_0402,C_100n_0402,antmicro-footprints:C_0402_1005Metric,Murata,GRM155R61H104KE14D,,02a33878-2431-478a-b4e3-09977bf9dac9
C305,4,dcdc.kicad_sch,/f569b0be-0afd-48b7-93ee-28582a4c645c/24bfa3d1-0a03-41a0-8beb-0ef00bfb4ba3,antmicroCapacitors0603:C_22u_16V_0603,C_22u_16V_0603,antmicro-footprints:C_0603_1608Metric_EIA,Samsung Electro-Mechanics,CL10A226MO7JZNC,,b9a28bee-7df2-4594-bfa3-6e17505f5023
C306,5,dcdc.kicad_sch,/f569b0be-0afd-48b7-93ee-28582a4c645c/24bfa3d1-0a03-41a0-8beb-0ef00bfb4ba3,antmicroCapacitorsmisc:C_22u_25V_0805,C_22u_25V_0805,antmicro-footprints:C_0805_2012Metric,Samsung Electro-Mechanics,CL21A226MAYNNNE,,41e964de-d3eb-48f7-a010-2d14c4a95666
C307,5,dcdc.kicad_sch,/f569b0be-0afd-48b7-93ee-28582a4c645c/24bfa3d1-0a03-41a0-8beb-0ef00bfb4ba3,antmicroCapacitorsmisc:C_22u_25V_0805,C_22u_25V_0805,antmicro-footprints:C_0805_2012Metric,Samsung Electro-Mechanics,CL21A226MAYNNNE,,8bf64444-08d9-4660-8157-7d5470a28d62
C308,5,dcdc.kicad_sch,/f569b0be-0afd-48b7-93ee-28582a4c645c/24bfa3d1-0a03-41a0-8beb-0ef00bfb4ba3,antmicroCapacitorsmisc:C_22u_25V_0805,C_22u_25V_0805,antmicro-footprints:C_0805_2012Metric,Samsung Electro-Mechanics,CL21A226MAYNNNE,,1e65d175-9799-47ce-b2b1-d127118ed6c5
C309,5,dcdc.kicad_sch,/f569b0be-0afd-48b7-93ee-28582a4c645c/24bfa3d1-0a03-41a0-8beb-0ef00bfb4ba3,antmicroCapacitorsmisc:C_22u_25V_0805,C_22u_25V_0805,antmicro-footprints:C_0805_2012Metric,Samsung Electro-Mechanics,CL21A226MAYNNNE,,b28ed94b-12e3-4cdf-ac91-bf6b55f3f470
C310,4,dcdc.kicad_sch,/f569b0be-0afd-48b7-93ee-28582a4c645c/24bfa3d1-0a03-41a0-8beb-0ef00bfb4ba3,antmicroCapacitors0603:C_22u_16V_0603,C_22u_16V_0603,antmicro-footprints:C_0603_1608Metric_EIA,Samsung Electro-Mechanics,CL10A226MO7JZNC,,1bf76de2-f9fa-418e-8dfc-c3567a54f9cb
C311,4,usb_hub.kicad_sch,/f569b0be-0afd-48b7-93ee-28582a4c645c/3fd0fbfa-9a42-4c7b-8c1c-08c3e88df372,antmicroCapacitors0603:C_22u_16V_0603,C_22u_16V_0603,antmicro-footprints:C_0603_1608Metric_EIA,Samsung Electro-Mechanics,CL10A226MO7JZNC,,9c94ebc3-5b91-4c2a-9392-d22394bb1f6c
C312,4,usb_hub.kicad_sch,/f569b0be-0afd-48b7-93ee-28582a4c645c/3fd0fbfa-9a42-4c7b-8c1c-08c3e88df372,antmicroCapacitors0603:C_22u_16V_0603,C_22u_16V_0603,antmicro-footprints:C_0603_1608Metric_EIA,Samsung Electro-Mechanics,CL10A226MO7JZNC,,287c9633-aaa9-40d3-b090-28dde1e1103f
C313,2,peripherals.kicad_sch,/f569b0be-0afd-48b7-93ee-28582a4c645c/f57c04fe-502b-4d07-880b-2cf807d3e5a1,antmicroCapacitors0402:C_100n_0402,C_100n_0402,antmicro-footprints:C_0402_1005Metric,Murata,GRM155R61H104KE14D,,b40043a9-f321-4116-93bc-db1ef83c8b41
C314,2,som_io2.kicad_sch,/f569b0be-0afd-48b7-93ee-28582a4c645c/656db8bb-c788-4c93-9592-ce18fa1a48a2,antmicroCapacitors0402:C_100n_0402,C_100n_0402,antmicro-footprints:C_0402_1005Metric,Murata,GRM155R61H104KE14D,,073fd018-662c-4f4a-8735-543e6d1a72e4
C315,2,som_io2.kicad_sch,/f569b0be-0afd-48b7-93ee-28582a4c645c/656db8bb-c788-4c93-9592-ce18fa1a48a2,antmicroCapacitors0402:C_100n_0402,C_100n_0402,antmicro-footprints:C_0402_1005Metric,Murata,GRM155R61H104KE14D,,870affa5-f53f-49af-8d9f-766ee2e64153
C316,2,som_io2.kicad_sch,/f569b0be-0afd-48b7-93ee-28582a4c645c/656db8bb-c788-4c93-9592-ce18fa1a48a2,antmicroCapacitors0402:C_100n_0402,C_100n_0402,antmicro-footprints:C_0402_1005Metric,Murata,GRM155R61H104KE14D,,f8da2189-ffca-477b-9a66-9ff22737fa80
C317,2,som_io2.kicad_sch,/f569b0be-0afd-48b7-93ee-28582a4c645c/656db8bb-c788-4c93-9592-ce18fa1a48a2,antmicroCapacitors0402:C_100n_0402,C_100n_0402,antmicro-footprints:C_0402_1005Metric,Murata,GRM155R61H104KE14D,,e35f94de-7268-4156-8c02-c38582f358e0
C318,2,som_io2.kicad_sch,/f569b0be-0afd-48b7-93ee-28582a4c645c/656db8bb-c788-4c93-9592-ce18fa1a48a2,antmicroCapacitors0402:C_100n_0402,C_100n_0402,antmicro-footprints:C_0402_1005Metric,Murata,GRM155R61H104KE14D,,3ac0087b-88a9-46b6-a761-eee39f0c5598
C319,2,som_io2.kicad_sch,/f569b0be-0afd-48b7-93ee-28582a4c645c/656db8bb-c788-4c93-9592-ce18fa1a48a2,antmicroCapacitors0402:C_100n_0402,C_100n_0402,antmicro-footprints:C_0402_1005Metric,Murata,GRM155R61H104KE14D,,400d610e-4ffc-40cd-bfc3-4ec18ac10af9
C320,2,som_io2.kicad_sch,/f569b0be-0afd-48b7-93ee-28582a4c645c/656db8bb-c788-4c93-9592-ce18fa1a48a2,antmicroCapacitors0402:C_100n_0402,C_100n_0402,antmicro-footprints:C_0402_1005Metric,Murata,GRM155R61H104KE14D,,160cb533-80d1-45be-adf3-2f0eb5be2ad3
C321,2,som_io2.kicad_sch,/f569b0be-0afd-48b7-93ee-28582a4c645c/656db8bb-c788-4c93-9592-ce18fa1a48a2,antmicroCapacitors0402:C_100n_0402,C_100n_0402,antmicro-footprints:C_0402_1005Metric,Murata,GRM155R61H104KE14D,,e834f415-c9be-4a15-b31e-2727eac33b67
C322,2,som_io2.kicad_sch,/f569b0be-0afd-48b7-93ee-28582a4c645c/656db8bb-c788-4c93-9592-ce18fa1a48a2,antmicroCapacitors0402:C_100n_0402,C_100n_0402,antmicro-footprints:C_0402_1005Metric,Murata,GRM155R61H104KE14D,,82359f54-2dfb-4d11-b971-2c45d4eba3be
C323,2,som_io2.kicad_sch,/f569b0be-0afd-48b7-93ee-28582a4c645c/656db8bb-c788-4c93-9592-ce18fa1a48a2,antmicroCapacitors0402:C_100n_0402,C_100n_0402,antmicro-footprints:C_0402_1005Metric,Murata,GRM155R61H104KE14D,,6895b40e-4a69-404f-89b5-6718619b2267
C324,2,som_io2.kicad_sch,/f569b0be-0afd-48b7-93ee-28582a4c645c/656db8bb-c788-4c93-9592-ce18fa1a48a2,antmicroCapacitors0402:C_100n_0402,C_100n_0402,antmicro-footprints:C_0402_1005Metric,Murata,GRM155R61H104KE14D,,e56e61a9-7fba-4bbc-a01b-3fd3f8390051
C325,2,som_io2.kicad_sch,/f569b0be-0afd-48b7-93ee-28582a4c645c/656db8bb-c788-4c93-9592-ce18fa1a48a2,antmicroCapacitors0402:C_100n_0402,C_100n_0402,antmicro-footprints:C_0402_1005Metric,Murata,GRM155R61H104KE14D,,a31b5ee5-2cde-4476-85b9-e6d3da348f82
C326,2,som_io2.kicad_sch,/f569b0be-0afd-48b7-93ee-28582a4c645c/656db8bb-c788-4c93-9592-ce18fa1a48a2,antmicroCapacitors0402:C_100n_0402,C_100n_0402,antmicro-footprints:C_0402_1005Metric,Murata,GRM155R61H104KE14D,,81e21b2f-4cab-495d-98a6-eed95e040aee
C327,2,som_io2.kicad_sch,/f569b0be-0afd-48b7-93ee-28582a4c645c/656db8bb-c788-4c93-9592-ce18fa1a48a2,antmicroCapacitors0402:C_100n_0402,C_100n_0402,antmicro-footprints:C_0402_1005Metric,Murata,GRM155R61H104KE14D,,55dca31d-ecb3-4bf1-b8d9-01e9a23ffe95
C328,2,som_io2.kicad_sch,/f569b0be-0afd-48b7-93ee-28582a4c645c/656db8bb-c788-4c93-9592-ce18fa1a48a2,antmicroCapacitors0402:C_100n_0402,C_100n_0402,antmicro-footprints:C_0402_1005Metric,Murata,GRM155R61H104KE14D,,a1dd48cd-18e6-4b80-bb7a-85503ed80ec1
C329,2,som_io2.kicad_sch,/f569b0be-0afd-48b7-93ee-28582a4c645c/656db8bb-c788-4c93-9592-ce18fa1a48a2,antmicroCapacitors0402:C_100n_0402,C_100n_0402,antmicro-footprints:C_0402_1005Metric,Murata,GRM155R61H104KE14D,,4d2f43f8-d716-46f9-becd-8ffd495919c1
C330,2,som_io2.kicad_sch,/f569b0be-0afd-48b7-93ee-28582a4c645c/656db8bb-c788-4c93-9592-ce18fa1a48a2,antmicroCapacitors0402:C_100n_0402,C_100n_0402,antmicro-footprints:C_0402_1005Metric,Murata,GRM155R61H104KE14D,,84bc0fb6-8d9d-4135-92b0-82752698374e
C331,2,som_io2.kicad_sch,/f569b0be-0afd-48b7-93ee-28582a4c645c/656db8bb-c788-4c93-9592-ce18fa1a48a2,antmicroCapacitors0402:C_100n_0402,C_100n_0402,antmicro-footprints:C_0402_1005Metric,Murata,GRM155R61H104KE14D,,551de27e-3360-4cd0-9545-d19e6590a551
C332,2,som_io2.kicad_sch,/f569b0be-0afd-48b7-93ee-28582a4c645c/656db8bb-c788-4c93-9592-ce18fa1a48a2,antmicroCapacitors0402:C_100n_0402,C_100n_0402,antmicro-footprints:C_0402_1005Metric,Murata,GRM155R61H104KE14D,,f1b02b09-60d1-47ee-9e33-e4af2d291202
C333,2,som_io2.kicad_sch,/f569b0be-0afd-48b7-93ee-28582a4c645c/656db8bb-c788-4c93-9592-ce18fa1a48a2,antmicroCapacitors0402:C_100n_0402,C_100n_0402,antmicro-footprints:C_0402_1005Metric,Murata,GRM155R61H104KE14D,,4d0bc906-030b-4286-b6dc-fa5486134f7a
C334,2,som_io2.kicad_sch,/f569b0be-0afd-48b7-93ee-28582a4c645c/656db8bb-c788-4c93-9592-ce18fa1a48a2,antmicroCapacitors0402:C_100n_0402,C_100n_0402,antmicro-footprints:C_0402_1005Metric,Murata,GRM155R61H104KE14D,,5ced54e2-2dd2-4f74-a534-d39ac92bb31d
C335,2,som_io2.kicad_sch,/f569b0be-0afd-48b7-93ee-28582a4c645c/656db8bb-c788-4c93-9592-ce18fa1a48a2,antmicroCapacitors0402:C_100n_0402,C_100n_0402,antmicro-footprints:C_0402_1005Metric,Murata,GRM155R61H104KE14D,,58803455-e12d-46c8-9ee3-5a0b2dc3b22f
C336,2,som_io2.kicad_sch,/f569b0be-0afd-48b7-93ee-28582a4c645c/656db8bb-c788-4c93-9592-ce18fa1a48a2,antmicroCapacitors0402:C_100n_0402,C_100n_0402,antmicro-footprints:C_0402_1005Metric,Murata,GRM155R61H104KE14D,,9eb70bf3-ab4d-4206-bbad-a9ad443a7ef4
C337,2,som_io2.kicad_sch,/f569b0be-0afd-48b7-93ee-28582a4c645c/656db8bb-c788-4c93-9592-ce18fa1a48a2,antmicroCapacitors0402:C_100n_0402,C_100n_0402,antmicro-footprints:C_0402_1005Metric,Murata,GRM155R61H104KE14D,,f5e015a7-7e81-4475-b896-2782530613d3
C338,2,som_io2.kicad_sch,/f569b0be-0afd-48b7-93ee-28582a4c645c/656db8bb-c788-4c93-9592-ce18fa1a48a2,antmicroCapacitors0402:C_100n_0402,C_100n_0402,antmicro-footprints:C_0402_1005Metric,Murata,GRM155R61H104KE14D,,c714be12-26d6-47bf-a590-7825441ed808
C339,2,som_io2.kicad_sch,/f569b0be-0afd-48b7-93ee-28582a4c645c/656db8bb-c788-4c93-9592-ce18fa1a48a2,antmicroCapacitors0402:C_100n_0402,C_100n_0402,antmicro-footprints:C_0402_1005Metric,Murata,GRM155R61H104KE14D,,317c3c40-ff25-436a-8b4c-9aa6c5a01eb7
C340,2,som_io2.kicad_sch,/f569b0be-0afd-48b7-93ee-28582a4c645c/656db8bb-c788-4c93-9592-ce18fa1a48a2,antmicroCapacitors0402:C_100n_0402,C_100n_0402,antmicro-footprints:C_0402_1005Metric,Murata,GRM155R61H104KE14D,,41f7d291-91fa-4b5b-a168-2630aa2137d5
C341,2,som_io2.kicad_sch,/f569b0be-0afd-48b7-93ee-28582a4c645c/656db8bb-c788-4c93-9592-ce18fa1a48a2,antmicroCapacitors0402:C_100n_0402,C_100n_0402,antmicro-footprints:C_0402_1005Metric,Murata,GRM155R61H104KE14D,,60169c9e-4ee1-424a-b607-fc25a562be21
C342,2,som_io2.kicad_sch,/f569b0be-0afd-48b7-93ee-28582a4c645c/656db8bb-c788-4c93-9592-ce18fa1a48a2,antmicroCapacitors0402:C_100n_0402,C_100n_0402,antmicro-footprints:C_0402_1005Metric,Murata,GRM155R61H104KE14D,,bda89fe2-05b7-4a3a-bc16-1b2f2b8e0ded
C343,2,som_io2.kicad_sch,/f569b0be-0afd-48b7-93ee-28582a4c645c/656db8bb-c788-4c93-9592-ce18fa1a48a2,antmicroCapacitors0402:C_100n_0402,C_100n_0402,antmicro-footprints:C_0402_1005Metric,Murata,GRM155R61H104KE14D,,d767b88f-0b68-49c5-8502-53a79e662093
C344,2,som_io2.kicad_sch,/f569b0be-0afd-48b7-93ee-28582a4c645c/656db8bb-c788-4c93-9592-ce18fa1a48a2,antmicroCapacitors0402:C_100n_0402,C_100n_0402,antmicro-footprints:C_0402_1005Metric,Murata,GRM155R61H104KE14D,,02297417-5ad2-4520-9ce5-92cea76678b5
C345,2,som_io2.kicad_sch,/f569b0be-0afd-48b7-93ee-28582a4c645c/656db8bb-c788-4c93-9592-ce18fa1a48a2,antmicroCapacitors0402:C_100n_0402,C_100n_0402,antmicro-footprints:C_0402_1005Metric,Murata,GRM155R61H104KE14D,,a8e1619c-0224-4035-b6ca-a5e49eff3fc0
C346,2,som_io2.kicad_sch,/f569b0be-0afd-48b7-93ee-28582a4c645c/656db8bb-c788-4c93-9592-ce18fa1a48a2,antmicroCapacitors0402:C_100n_0402,C_100n_0402,antmicro-footprints:C_0402_1005Metric,Murata,GRM155R61H104KE14D,,461974d2-b988-4468-a8e9-8b92691c216b
C347,2,som_io2.kicad_sch,/f569b0be-0afd-48b7-93ee-28582a4c645c/656db8bb-c788-4c93-9592-ce18fa1a48a2,antmicroCapacitors0402:C_100n_0402,C_100n_0402,antmicro-footprints:C_0402_1005Metric,Murata,GRM155R61H104KE14D,,9327d9e4-128c-4eb8-8ef7-d22f425362b6
C348,2,som_io2.kicad_sch,/f569b0be-0afd-48b7-93ee-28582a4c645c/656db8bb-c788-4c93-9592-ce18fa1a48a2,antmicroCapacitors0402:C_100n_0402,C_100n_0402,antmicro-footprints:C_0402_1005Metric,Murata,GRM155R61H104KE14D,,a30d5d87-e9ae-46e3-a461-241fdb4058ab
C349,2,som_io2.kicad_sch,/f569b0be-0afd-48b7-93ee-28582a4c645c/656db8bb-c788-4c93-9592-ce18fa1a48a2,antmicroCapacitors0402:C_100n_0402,C_100n_0402,antmicro-footprints:C_0402_1005Metric,Murata,GRM155R61H104KE14D,,399c77a3-1f27-455a-96b3-6c943eecc2d7
C350,2,som_io2.kicad_sch,/f569b0be-0afd-48b7-93ee-28582a4c645c/656db8bb-c788-4c93-9592-ce18fa1a48a2,antmicroCapacitors0402:C_100n_0402,C_100n_0402,antmicro-footprints:C_0402_1005Metric,Murata,GRM155R61H104KE14D,,64c4866e-64e1-4aea-8c59-a2aee79007f0
C351,2,som_io2.kicad_sch,/f569b0be-0afd-48b7-93ee-28582a4c645c/656db8bb-c788-4c93-9592-ce18fa1a48a2,antmicroCapacitors0402:C_100n_0402,C_100n_0402,antmicro-footprints:C_0402_1005Metric,Murata,GRM155R61H104KE14D,,854b52b4-f4f3-4b57-9c5d-f28abf0b4f2f
C352,2,som_io2.kicad_sch,/f569b0be-0afd-48b7-93ee-28582a4c645c/656db8bb-c788-4c93-9592-ce18fa1a48a2,antmicroCapacitors0402:C_100n_0402,C_100n_0402,antmicro-footprints:C_0402_1005Metric,Murata,GRM155R61H104KE14D,,2db51843-5f5b-46ee-a4c2-6b858d2adc93
C353,2,som_io2.kicad_sch,/f569b0be-0afd-48b7-93ee-28582a4c645c/656db8bb-c788-4c93-9592-ce18fa1a48a2,antmicroCapacitors0402:C_100n_0402,C_100n_0402,antmicro-footprints:C_0402_1005Metric,Murata,GRM155R61H104KE14D,,f20545f5-0092-4e34-85c0-fb33e696e721
C354,2,som_io.kicad_sch,/f569b0be-0afd-48b7-93ee-28582a4c645c/5e8e155a-019a-4868-a371-a2eb1e119b3e,antmicroCapacitors0402:C_100n_0402,C_100n_0402,antmicro-footprints:C_0402_1005Metric,Murata,GRM155R61H104KE14D,,8eb2d7c8-c7a4-435b-9a0a-4ab36ba087d8
C355,2,som_io.kicad_sch,/f569b0be-0afd-48b7-93ee-28582a4c645c/5e8e155a-019a-4868-a371-a2eb1e119b3e,antmicroCapacitors0402:C_100n_0402,C_100n_0402,antmicro-footprints:C_0402_1005Metric,Murata,GRM155R61H104KE14D,,f9834d4a-1391-4f8e-b577-e2fff03c7514
C356,2,som_io.kicad_sch,/f569b0be-0afd-48b7-93ee-28582a4c645c/5e8e155a-019a-4868-a371-a2eb1e119b3e,antmicroCapacitors0402:C_100n_0402,C_100n_0402,antmicro-footprints:C_0402_1005Metric,Murata,GRM155R61H104KE14D,,f8b58d76-fd6b-4666-bdec-9397b326dfc3
C357,2,power.kicad_sch,/f569b0be-0afd-48b7-93ee-28582a4c645c/18ddd5dc-52e2-402c-b2e2-8bb33f110eab,antmicroCapacitors0402:C_100n_0402,C_100n_0402,antmicro-footprints:C_0402_1005Metric,Murata,GRM155R61H104KE14D,,9120f423-2f6f-40cb-907b-ec82cf9d1e19
C358,2,usb_hub.kicad_sch,/f569b0be-0afd-48b7-93ee-28582a4c645c/3fd0fbfa-9a42-4c7b-8c1c-08c3e88df372,antmicroCapacitors0402:C_100n_0402,C_100n_0402,antmicro-footprints:C_0402_1005Metric,Murata,GRM155R61H104KE14D,,3899d2a9-1d71-4cae-96bd-c1d825054304
C359,8,som_power.kicad_sch,/f569b0be-0afd-48b7-93ee-28582a4c645c/33df10a9-5b30-4fa6-b34e-d62ce1b48c65,antmicroCapacitors0402:C_1u_25V_0402,C_1u_25V_0402,antmicro-footprints:C_0402_1005Metric,Murata,GRM155R61E105KE11J,,87e460e5-15b4-4c73-b363-8b4fe5ee7106
C365,8,som_power.kicad_sch,/f569b0be-0afd-48b7-93ee-28582a4c645c/33df10a9-5b30-4fa6-b34e-d62ce1b48c65,antmicroCapacitors0402:C_1u_25V_0402,C_1u_25V_0402,antmicro-footprints:C_0402_1005Metric,Murata,GRM155R61E105KE11J,,598fb651-13a5-48c3-b0fb-0a7b5262e37a
C366,8,som_power.kicad_sch,/f569b0be-0afd-48b7-93ee-28582a4c645c/33df10a9-5b30-4fa6-b34e-d62ce1b48c65,antmicroCapacitors0402:C_1u_25V_0402,C_1u_25V_0402,antmicro-footprints:C_0402_1005Metric,Murata,GRM155R61E105KE11J,,36249f0b-4585-4861-92a0-b6c8ce1451ee
C370,5,dcdc.kicad_sch,/f569b0be-0afd-48b7-93ee-28582a4c645c/24bfa3d1-0a03-41a0-8beb-0ef00bfb4ba3,antmicroCapacitorsmisc:C_22u_25V_0805,C_22u_25V_0805,antmicro-footprints:C_0805_2012Metric,Samsung Electro-Mechanics,CL21A226MAYNNNE,,83ab237e-9ce4-4392-9262-2979d5355810
C371,5,dcdc.kicad_sch,/f569b0be-0afd-48b7-93ee-28582a4c645c/24bfa3d1-0a03-41a0-8beb-0ef00bfb4ba3,antmicroCapacitorsmisc:C_22u_25V_0805,C_22u_25V_0805,antmicro-footprints:C_0805_2012Metric,Samsung Electro-Mechanics,CL21A226MAYNNNE,,aa4ac9e6-1970-4fc6-a828-8421c6cc3ce0
C372,5,dcdc.kicad_sch,/f569b0be-0afd-48b7-93ee-28582a4c645c/24bfa3d1-0a03-41a0-8beb-0ef00bfb4ba3,antmicroCapacitorsmisc:C_22u_25V_0805,C_22u_25V_0805,antmicro-footprints:C_0805_2012Metric,Samsung Electro-Mechanics,CL21A226MAYNNNE,,12bb8450-248f-47e6-b0dc-c966ae5734a4
C373,5,dcdc.kicad_sch,/f569b0be-0afd-48b7-93ee-28582a4c645c/24bfa3d1-0a03-41a0-8beb-0ef00bfb4ba3,antmicroCapacitorsmisc:C_22u_25V_0805,C_22u_25V_0805,antmicro-footprints:C_0805_2012Metric,Samsung Electro-Mechanics,CL21A226MAYNNNE,,40898fc3-851f-4bdf-b57f-2cd574a45254
C374,2,dcdc.kicad_sch,/f569b0be-0afd-48b7-93ee-28582a4c645c/24bfa3d1-0a03-41a0-8beb-0ef00bfb4ba3,antmicroCapacitors0402:C_100n_0402,C_100n_0402,antmicro-footprints:C_0402_1005Metric,Murata,GRM155R61H104KE14D,,6e045f89-c7ed-4518-a783-b40671d812b1
C375,6,dcdc.kicad_sch,/f569b0be-0afd-48b7-93ee-28582a4c645c/24bfa3d1-0a03-41a0-8beb-0ef00bfb4ba3,antmicroCapacitors0402:C_1u_0402,C_1u_0402,antmicro-footprints:C_0402_1005Metric,TDK,C1005X6S1A105K050BC,,03eaf771-02d4-4563-83ef-55f704539aa4
C376,7,dcdc.kicad_sch,/f569b0be-0afd-48b7-93ee-28582a4c645c/24bfa3d1-0a03-41a0-8beb-0ef00bfb4ba3,antmicroCapacitors0402:C_4u7_25V_0402,C_4u7_25V_0402,antmicro-footprints:C_0402_1005Metric,Murata,GRM155C61E475ME15J,,4d26daee-87b2-41dc-929e-f5113c4dd5d4
C377,2,dcdc.kicad_sch,/f569b0be-0afd-48b7-93ee-28582a4c645c/24bfa3d1-0a03-41a0-8beb-0ef00bfb4ba3,antmicroCapacitors0402:C_100n_0402,C_100n_0402,antmicro-footprints:C_0402_1005Metric,Murata,GRM155R61H104KE14D,,4c3a9d4f-c5e2-4d90-a32e-d853e5205ed1
C378,5,dcdc.kicad_sch,/f569b0be-0afd-48b7-93ee-28582a4c645c/24bfa3d1-0a03-41a0-8beb-0ef00bfb4ba3,antmicroCapacitorsmisc:C_22u_25V_0805,C_22u_25V_0805,antmicro-footprints:C_0805_2012Metric,Samsung Electro-Mechanics,CL21A226MAYNNNE,,df56d706-eeb2-4074-91ca-7abf30aefc70
C379,5,dcdc.kicad_sch,/f569b0be-0afd-48b7-93ee-28582a4c645c/24bfa3d1-0a03-41a0-8beb-0ef00bfb4ba3,antmicroCapacitorsmisc:C_22u_25V_0805,C_22u_25V_0805,antmicro-footprints:C_0805_2012Metric,Samsung Electro-Mechanics,CL21A226MAYNNNE,,c176694a-6f79-436d-aaaa-247083612947
C380,5,dcdc.kicad_sch,/f569b0be-0afd-48b7-93ee-28582a4c645c/24bfa3d1-0a03-41a0-8beb-0ef00bfb4ba3,antmicroCapacitorsmisc:C_22u_25V_0805,C_22u_25V_0805,antmicro-footprints:C_0805_2012Metric,Samsung Electro-Mechanics,CL21A226MAYNNNE,,6b283e72-72db-455a-b530-674fad477178
C381,5,dcdc.kicad_sch,/f569b0be-0afd-48b7-93ee-28582a4c645c/24bfa3d1-0a03-41a0-8beb-0ef00bfb4ba3,antmicroCapacitorsmisc:C_22u_25V_0805,C_22u_25V_0805,antmicro-footprints:C_0805_2012Metric,Samsung Electro-Mechanics,CL21A226MAYNNNE,,0302c86b-d7ae-4df1-abf4-76c4c1112fcc
C382,2,dcdc.kicad_sch,/f569b0be-0afd-48b7-93ee-28582a4c645c/24bfa3d1-0a03-41a0-8beb-0ef00bfb4ba3,antmicroCapacitors0402:C_100n_0402,C_100n_0402,antmicro-footprints:C_0402_1005Metric,Murata,GRM155R61H104KE14D,,c57d865e-178e-4304-8ec5-4201c59aeb69
C383,2,dcdc.kicad_sch,/f569b0be-0afd-48b7-93ee-28582a4c645c/24bfa3d1-0a03-41a0-8beb-0ef00bfb4ba3,antmicroCapacitors0402:C_100n_0402,C_100n_0402,antmicro-footprints:C_0402_1005Metric,Murata,GRM155R61H104KE14D,,d7eaf4d5-c9d0-4555-b499-932b1737d214
C384,2,dcdc.kicad_sch,/f569b0be-0afd-48b7-93ee-28582a4c645c/24bfa3d1-0a03-41a0-8beb-0ef00bfb4ba3,antmicroCapacitors0402:C_100n_0402,C_100n_0402,antmicro-footprints:C_0402_1005Metric,Murata,GRM155R61H104KE14D,,5804c093-2931-4f1d-a84f-18821b4e40a5
C385,2,dcdc.kicad_sch,/f569b0be-0afd-48b7-93ee-28582a4c645c/24bfa3d1-0a03-41a0-8beb-0ef00bfb4ba3,antmicroCapacitors0402:C_100n_0402,C_100n_0402,antmicro-footprints:C_0402_1005Metric,Murata,GRM155R61H104KE14D,,546d4505-80af-4c3b-b5b3-9d00d55018ed
C386,2,dcdc.kicad_sch,/f569b0be-0afd-48b7-93ee-28582a4c645c/24bfa3d1-0a03-41a0-8beb-0ef00bfb4ba3,antmicroCapacitors0402:C_100n_0402,C_100n_0402,antmicro-footprints:C_0402_1005Metric,Murata,GRM155R61H104KE14D,,a9fbd9d6-f379-4711-9d64-339aa0bb5d87
C387,2,dcdc.kicad_sch,/f569b0be-0afd-48b7-93ee-28582a4c645c/24bfa3d1-0a03-41a0-8beb-0ef00bfb4ba3,antmicroCapacitors0402:C_100n_0402,C_100n_0402,antmicro-footprints:C_0402_1005Metric,Murata,GRM155R61H104KE14D,,130ca270-70ca-4417-9fc2-e0923805b250
C404,8,som_power.kicad_sch,/f569b0be-0afd-48b7-93ee-28582a4c645c/33df10a9-5b30-4fa6-b34e-d62ce1b48c65,antmicroCapacitors0402:C_1u_25V_0402,C_1u_25V_0402,antmicro-footprints:C_0402_1005Metric,Murata,GRM155R61E105KE11J,,a7bdb4f7-917e-4507-8a56-e1dde39b7cf0
D1,12,som_power.kicad_sch,/f569b0be-0afd-48b7-93ee-28582a4c645c/33df10a9-5b30-4fa6-b34e-d62ce1b48c65,antmicroDiodesRectifiersSingle:RB521S30T1G,RB521S30T1G,antmicro-footprints:SOD-523,ON Semiconductor,RB521S30T1G,,696faca9-8245-4578-97b4-b51890734a48
D2,13,power.kicad_sch,/f569b0be-0afd-48b7-93ee-28582a4c645c/18ddd5dc-52e2-402c-b2e2-8bb33f110eab,"antmicroTVSDiodes:PTVS26VS1UR,115","PTVS26VS1UR,115",antmicro-footprints:D_SOD-123,Nexperia,"PTVS26VS1UR,115",,d269ef27-c71d-4a69-a351-21838383054e
D3,14,power.kicad_sch,/f569b0be-0afd-48b7-93ee-28582a4c645c/18ddd5dc-52e2-402c-b2e2-8bb33f110eab,antmicroLEDIndicationDiscrete:LED_G_0603_LTST-C190GKT,LED_G_0603_LTST-C190GKT,antmicro-footprints:LED_0603_1608Metric_G,Lite-On,LTST-C190GKT,,d5a4b2c7-9004-4e7e-b9b8-57218b9dc922
D4,14,power.kicad_sch,/f569b0be-0afd-48b7-93ee-28582a4c645c/18ddd5dc-52e2-402c-b2e2-8bb33f110eab,antmicroLEDIndicationDiscrete:LED_G_0603_LTST-C190GKT,LED_G_0603_LTST-C190GKT,antmicro-footprints:LED_0603_1608Metric_G,Lite-On,LTST-C190GKT,,2b40d91f-5605-4245-956b-7eb1bb7b2da8
D5,15,som_power.kicad_sch,/f569b0be-0afd-48b7-93ee-28582a4c645c/33df10a9-5b30-4fa6-b34e-d62ce1b48c65,antmicroTVSDiodes:TPD1E0B04_XDFN-2,TPD1E0B04_XDFN-2,antmicro-footprints:XDFN-2_1x0.60mm,Texas Instruments,TPD1E0B04DPYR,,d6cd55d1-cf52-4ed8-80cb-963dc8ff8d22
D6,14,power.kicad_sch,/f569b0be-0afd-48b7-93ee-28582a4c645c/18ddd5dc-52e2-402c-b2e2-8bb33f110eab,antmicroLEDIndicationDiscrete:LED_G_0603_LTST-C190GKT,LED_G_0603_LTST-C190GKT,antmicro-footprints:LED_0603_1608Metric_G,Lite-On,LTST-C190GKT,,61e2340e-d5a5-4f28-a986-3249148c9423
D7,16,dcdc.kicad_sch,/f569b0be-0afd-48b7-93ee-28582a4c645c/24bfa3d1-0a03-41a0-8beb-0ef00bfb4ba3,antmicroTVSDiodes:ESDA25P35-1U1M,ESDA25P35-1U1M,antmicro-footprints:QFN-2L_1.6x1x0.55mm,STMicroelectronics,ESDA25P35-1U1M,,013ffa32-0c54-47ff-9314-c27e555c2ea0
D8,17,dcdc.kicad_sch,/f569b0be-0afd-48b7-93ee-28582a4c645c/24bfa3d1-0a03-41a0-8beb-0ef00bfb4ba3,antmicroTVSDiodes:PESD5Z5_0F,PESD5Z5.0F,antmicro-footprints:SOD-523,Nexperia,PESD5Z5.0F,,02546f65-bfec-4fb8-a08b-195343166be0
D9,17,dcdc.kicad_sch,/f569b0be-0afd-48b7-93ee-28582a4c645c/24bfa3d1-0a03-41a0-8beb-0ef00bfb4ba3,antmicroTVSDiodes:PESD5Z5_0F,PESD5Z5.0F,antmicro-footprints:SOD-523,Nexperia,PESD5Z5.0F,,4caa322c-8d89-4f45-9b2c-238cd8416a07
D10,14,power.kicad_sch,/f569b0be-0afd-48b7-93ee-28582a4c645c/18ddd5dc-52e2-402c-b2e2-8bb33f110eab,antmicroLEDIndicationDiscrete:LED_G_0603_LTST-C190GKT,LED_G_0603_LTST-C190GKT,antmicro-footprints:LED_0603_1608Metric_G,Lite-On,LTST-C190GKT,,bb6c1b71-ec70-4737-a0a1-d1f973a9639e
D11,17,power.kicad_sch,/f569b0be-0afd-48b7-93ee-28582a4c645c/18ddd5dc-52e2-402c-b2e2-8bb33f110eab,antmicroTVSDiodes:PESD5Z5_0F,PESD5Z5.0F,antmicro-footprints:SOD-523,Nexperia,PESD5Z5.0F,,89978876-28dd-43f9-8a57-feebfe39914b
D12,14,power.kicad_sch,/f569b0be-0afd-48b7-93ee-28582a4c645c/18ddd5dc-52e2-402c-b2e2-8bb33f110eab,antmicroLEDIndicationDiscrete:LED_G_0603_LTST-C190GKT,LED_G_0603_LTST-C190GKT,antmicro-footprints:LED_0603_1608Metric_G,Lite-On,LTST-C190GKT,,17889a3e-2fde-4f8a-b2a9-77e73b098e95
D13,16,dcdc.kicad_sch,/f569b0be-0afd-48b7-93ee-28582a4c645c/24bfa3d1-0a03-41a0-8beb-0ef00bfb4ba3,antmicroTVSDiodes:ESDA25P35-1U1M,ESDA25P35-1U1M,antmicro-footprints:QFN-2L_1.6x1x0.55mm,STMicroelectronics,ESDA25P35-1U1M,,1eddd7f4-736c-414c-b9b2-a9e279f7fe00
D14,14,sfp.kicad_sch,/f569b0be-0afd-48b7-93ee-28582a4c645c/a94d9c53-c5ac-439c-b57f-c8751a5ad590,antmicroLEDIndicationDiscrete:LED_G_0603_LTST-C190GKT,LED_G_0603_LTST-C190GKT,antmicro-footprints:LED_0603_1608Metric_G,Lite-On,LTST-C190GKT,,87fe6d7c-49d0-45d2-a171-29112155181c
D15,12,usb_hub.kicad_sch,/f569b0be-0afd-48b7-93ee-28582a4c645c/3fd0fbfa-9a42-4c7b-8c1c-08c3e88df372,antmicroDiodesRectifiersSingle:RB521S30T1G,RB521S30T1G,antmicro-footprints:SOD-523,ON Semiconductor,RB521S30T1G,,b37cba29-4c78-461d-ab73-46479de39b0c
D16,12,usb_debug_pd.kicad_sch,/f569b0be-0afd-48b7-93ee-28582a4c645c/12c19ba5-8fdc-4775-a33b-e8b1ade01b0a,antmicroDiodesRectifiersSingle:RB521S30T1G,RB521S30T1G,antmicro-footprints:SOD-523,ON Semiconductor,RB521S30T1G,,0cd16a69-e812-4abd-b04a-5bf3e0f91317
D17,12,usb_debug_pd.kicad_sch,/f569b0be-0afd-48b7-93ee-28582a4c645c/12c19ba5-8fdc-4775-a33b-e8b1ade01b0a,antmicroDiodesRectifiersSingle:RB521S30T1G,RB521S30T1G,antmicro-footprints:SOD-523,ON Semiconductor,RB521S30T1G,,737c9235-3ad2-40f6-8094-f8b0a7957628
D18,14,usb_debug_pd.kicad_sch,/f569b0be-0afd-48b7-93ee-28582a4c645c/12c19ba5-8fdc-4775-a33b-e8b1ade01b0a,antmicroLEDIndicationDiscrete:LED_G_0603_LTST-C190GKT,LED_G_0603_LTST-C190GKT,antmicro-footprints:LED_0603_1608Metric_G,Lite-On,LTST-C190GKT,,490f7e25-40d9-403c-a04f-3bd1461323bf
D19,14,usb_debug_pd.kicad_sch,/f569b0be-0afd-48b7-93ee-28582a4c645c/12c19ba5-8fdc-4775-a33b-e8b1ade01b0a,antmicroLEDIndicationDiscrete:LED_G_0603_LTST-C190GKT,LED_G_0603_LTST-C190GKT,antmicro-footprints:LED_0603_1608Metric_G,Lite-On,LTST-C190GKT,,95113f3c-16a8-4feb-8ccd-60483c7afda8
D20,14,usb_debug_pd.kicad_sch,/f569b0be-0afd-48b7-93ee-28582a4c645c/12c19ba5-8fdc-4775-a33b-e8b1ade01b0a,antmicroLEDIndicationDiscrete:LED_G_0603_LTST-C190GKT,LED_G_0603_LTST-C190GKT,antmicro-footprints:LED_0603_1608Metric_G,Lite-On,LTST-C190GKT,,f28b40d5-67b3-4d6e-af0b-992284ae7776
D21,14,usb_debug_pd.kicad_sch,/f569b0be-0afd-48b7-93ee-28582a4c645c/12c19ba5-8fdc-4775-a33b-e8b1ade01b0a,antmicroLEDIndicationDiscrete:LED_G_0603_LTST-C190GKT,LED_G_0603_LTST-C190GKT,antmicro-footprints:LED_0603_1608Metric_G,Lite-On,LTST-C190GKT,,df53f683-654b-4276-b0a4-3414a0f974ad
D22,16,usb_dp.kicad_sch,/f569b0be-0afd-48b7-93ee-28582a4c645c/79924a89-4330-4c0a-9aa5-2a2f90ef321b,antmicroTVSDiodes:ESDA25P35-1U1M,ESDA25P35-1U1M,antmicro-footprints:QFN-2L_1.6x1x0.55mm,STMicroelectronics,ESDA25P35-1U1M,,1488f83c-72fd-49c5-a84a-875a0c1bbb4a
D23,16,usb_debug_pd.kicad_sch,/f569b0be-0afd-48b7-93ee-28582a4c645c/12c19ba5-8fdc-4775-a33b-e8b1ade01b0a,antmicroTVSDiodes:ESDA25P35-1U1M,ESDA25P35-1U1M,antmicro-footprints:QFN-2L_1.6x1x0.55mm,STMicroelectronics,ESDA25P35-1U1M,,068a76c4-9b58-4e09-b8d1-910bf46536d6
D24,14,usb_debug_pd.kicad_sch,/f569b0be-0afd-48b7-93ee-28582a4c645c/12c19ba5-8fdc-4775-a33b-e8b1ade01b0a,antmicroLEDIndicationDiscrete:LED_G_0603_LTST-C190GKT,LED_G_0603_LTST-C190GKT,antmicro-footprints:LED_0603_1608Metric_G,Lite-On,LTST-C190GKT,,60821ca5-987a-4387-a125-151213e20615
D25,14,usb_dp.kicad_sch,/f569b0be-0afd-48b7-93ee-28582a4c645c/79924a89-4330-4c0a-9aa5-2a2f90ef321b,antmicroLEDIndicationDiscrete:LED_G_0603_LTST-C190GKT,LED_G_0603_LTST-C190GKT,antmicro-footprints:LED_0603_1608Metric_G,Lite-On,LTST-C190GKT,,e7956aff-d00f-42df-8189-b5162f6723fa
D26,14,csi.kicad_sch,/f569b0be-0afd-48b7-93ee-28582a4c645c/5735e52d-0a61-43fd-a7c9-5087dffafe64,antmicroLEDIndicationDiscrete:LED_G_0603_LTST-C190GKT,LED_G_0603_LTST-C190GKT,antmicro-footprints:LED_0603_1608Metric_G,Lite-On,LTST-C190GKT,,bb574bce-0d82-4163-b018-f90ea4070c92
D27,14,csi.kicad_sch,/f569b0be-0afd-48b7-93ee-28582a4c645c/5735e52d-0a61-43fd-a7c9-5087dffafe64,antmicroLEDIndicationDiscrete:LED_G_0603_LTST-C190GKT,LED_G_0603_LTST-C190GKT,antmicro-footprints:LED_0603_1608Metric_G,Lite-On,LTST-C190GKT,,26255c51-54c3-48ad-b16e-93e0ab5e3dcc
D28,14,csi.kicad_sch,/f569b0be-0afd-48b7-93ee-28582a4c645c/5735e52d-0a61-43fd-a7c9-5087dffafe64,antmicroLEDIndicationDiscrete:LED_G_0603_LTST-C190GKT,LED_G_0603_LTST-C190GKT,antmicro-footprints:LED_0603_1608Metric_G,Lite-On,LTST-C190GKT,,9f446292-1ce5-4307-972a-61ff491572af
D29,14,csi.kicad_sch,/f569b0be-0afd-48b7-93ee-28582a4c645c/5735e52d-0a61-43fd-a7c9-5087dffafe64,antmicroLEDIndicationDiscrete:LED_G_0603_LTST-C190GKT,LED_G_0603_LTST-C190GKT,antmicro-footprints:LED_0603_1608Metric_G,Lite-On,LTST-C190GKT,,88d38b36-00c9-48c2-82dd-06c79a23b41a
D30,18,sfp.kicad_sch,/f569b0be-0afd-48b7-93ee-28582a4c645c/a94d9c53-c5ac-439c-b57f-c8751a5ad590,antmicroLEDIndicationDiscrete:LED_Y_0603_LTST-C191KSKT,LED_Y_0603_LTST-C191KSKT,antmicro-footprints:LED_0603_1608Metric_Y,Lite-On,LTST-C191KSKT,,9383311e-4c85-4550-b17f-fb87a24ec352
D31,14,power.kicad_sch,/f569b0be-0afd-48b7-93ee-28582a4c645c/18ddd5dc-52e2-402c-b2e2-8bb33f110eab,antmicroLEDIndicationDiscrete:LED_G_0603_LTST-C190GKT,LED_G_0603_LTST-C190GKT,antmicro-footprints:LED_0603_1608Metric_G,Lite-On,LTST-C190GKT,,dadba9d6-b50c-4f06-954e-2a432d737cd7
D32,14,m2.kicad_sch,/f569b0be-0afd-48b7-93ee-28582a4c645c/456a2f48-4934-4d0e-aaf0-f39b01ccc0c1,antmicroLEDIndicationDiscrete:LED_G_0603_LTST-C190GKT,LED_G_0603_LTST-C190GKT,antmicro-footprints:LED_0603_1608Metric_G,Lite-On,LTST-C190GKT,,7c8da880-8a44-4314-bb30-9f6d0bad2c80
D33,14,m2.kicad_sch,/f569b0be-0afd-48b7-93ee-28582a4c645c/456a2f48-4934-4d0e-aaf0-f39b01ccc0c1,antmicroLEDIndicationDiscrete:LED_G_0603_LTST-C190GKT,LED_G_0603_LTST-C190GKT,antmicro-footprints:LED_0603_1608Metric_G,Lite-On,LTST-C190GKT,,dc95c676-eabc-486e-a7bf-42b19e614843
D34,14,m2.kicad_sch,/f569b0be-0afd-48b7-93ee-28582a4c645c/456a2f48-4934-4d0e-aaf0-f39b01ccc0c1,antmicroLEDIndicationDiscrete:LED_G_0603_LTST-C190GKT,LED_G_0603_LTST-C190GKT,antmicro-footprints:LED_0603_1608Metric_G,Lite-On,LTST-C190GKT,,537c3b69-59e3-4011-b2dc-c6f86140606b
D35,14,peripherals.kicad_sch,/f569b0be-0afd-48b7-93ee-28582a4c645c/f57c04fe-502b-4d07-880b-2cf807d3e5a1,antmicroLEDIndicationDiscrete:LED_G_0603_LTST-C190GKT,LED_G_0603_LTST-C190GKT,antmicro-footprints:LED_0603_1608Metric_G,Lite-On,LTST-C190GKT,,1440f796-aa16-4754-93e2-3aca98240a5d
D36,14,peripherals.kicad_sch,/f569b0be-0afd-48b7-93ee-28582a4c645c/f57c04fe-502b-4d07-880b-2cf807d3e5a1,antmicroLEDIndicationDiscrete:LED_G_0603_LTST-C190GKT,LED_G_0603_LTST-C190GKT,antmicro-footprints:LED_0603_1608Metric_G,Lite-On,LTST-C190GKT,,4ce025d0-e4ed-40e2-accd-7660765242ed
D37,15,peripherals.kicad_sch,/f569b0be-0afd-48b7-93ee-28582a4c645c/f57c04fe-502b-4d07-880b-2cf807d3e5a1,antmicroTVSDiodes:TPD1E0B04_XDFN-2,TPD1E0B04_XDFN-2,antmicro-footprints:XDFN-2_1x0.60mm,Texas Instruments,TPD1E0B04DPYR,,b3297b61-580e-4afa-b3aa-543def3e3f75
D38,15,peripherals.kicad_sch,/f569b0be-0afd-48b7-93ee-28582a4c645c/f57c04fe-502b-4d07-880b-2cf807d3e5a1,antmicroTVSDiodes:TPD1E0B04_XDFN-2,TPD1E0B04_XDFN-2,antmicro-footprints:XDFN-2_1x0.60mm,Texas Instruments,TPD1E0B04DPYR,,cd90c65b-aa23-470e-88fc-ea4174f06878
D39,17,peripherals.kicad_sch,/f569b0be-0afd-48b7-93ee-28582a4c645c/f57c04fe-502b-4d07-880b-2cf807d3e5a1,antmicroTVSDiodes:PESD5Z5_0F,PESD5Z5.0F,antmicro-footprints:SOD-523,Nexperia,PESD5Z5.0F,,c4756a47-83d3-4864-bc53-2be063401f52
D40,14,power.kicad_sch,/f569b0be-0afd-48b7-93ee-28582a4c645c/18ddd5dc-52e2-402c-b2e2-8bb33f110eab,antmicroLEDIndicationDiscrete:LED_G_0603_LTST-C190GKT,LED_G_0603_LTST-C190GKT,antmicro-footprints:LED_0603_1608Metric_G,Lite-On,LTST-C190GKT,,a783b64f-9f2f-4435-acca-b5c8dc0ea756
D41,14,peripherals.kicad_sch,/f569b0be-0afd-48b7-93ee-28582a4c645c/f57c04fe-502b-4d07-880b-2cf807d3e5a1,antmicroLEDIndicationDiscrete:LED_G_0603_LTST-C190GKT,LED_G_0603_LTST-C190GKT,antmicro-footprints:LED_0603_1608Metric_G,Lite-On,LTST-C190GKT,,2b791bc8-a6d2-4218-9c81-9c21364dfd21
D42,14,power.kicad_sch,/f569b0be-0afd-48b7-93ee-28582a4c645c/18ddd5dc-52e2-402c-b2e2-8bb33f110eab,antmicroLEDIndicationDiscrete:LED_G_0603_LTST-C190GKT,LED_G_0603_LTST-C190GKT,antmicro-footprints:LED_0603_1608Metric_G,Lite-On,LTST-C190GKT,,be960f7e-166a-4784-8452-f6c1d67ecde4
D43,14,power.kicad_sch,/f569b0be-0afd-48b7-93ee-28582a4c645c/18ddd5dc-52e2-402c-b2e2-8bb33f110eab,antmicroLEDIndicationDiscrete:LED_G_0603_LTST-C190GKT,LED_G_0603_LTST-C190GKT,antmicro-footprints:LED_0603_1608Metric_G,Lite-On,LTST-C190GKT,,269cb887-696d-4c35-858c-7e07b29caeaa
D44,14,peripherals.kicad_sch,/f569b0be-0afd-48b7-93ee-28582a4c645c/f57c04fe-502b-4d07-880b-2cf807d3e5a1,antmicroLEDIndicationDiscrete:LED_G_0603_LTST-C190GKT,LED_G_0603_LTST-C190GKT,antmicro-footprints:LED_0603_1608Metric_G,Lite-On,LTST-C190GKT,,44d506ca-1045-4308-8906-30fa92abd7df
D45,17,usb_hub.kicad_sch,/f569b0be-0afd-48b7-93ee-28582a4c645c/3fd0fbfa-9a42-4c7b-8c1c-08c3e88df372,antmicroTVSDiodes:PESD5Z5_0F,PESD5Z5.0F,antmicro-footprints:SOD-523,Nexperia,PESD5Z5.0F,,078ecc98-60b7-4646-ac4b-b620bdfe4be7
D46,15,som_power.kicad_sch,/f569b0be-0afd-48b7-93ee-28582a4c645c/33df10a9-5b30-4fa6-b34e-d62ce1b48c65,antmicroTVSDiodes:TPD1E0B04_XDFN-2,TPD1E0B04_XDFN-2,antmicro-footprints:XDFN-2_1x0.60mm,Texas Instruments,TPD1E0B04DPYR,,9af2c9bd-0f31-465f-99d2-40110a3793d4
D47,14,usb_hub.kicad_sch,/f569b0be-0afd-48b7-93ee-28582a4c645c/3fd0fbfa-9a42-4c7b-8c1c-08c3e88df372,antmicroLEDIndicationDiscrete:LED_G_0603_LTST-C190GKT,LED_G_0603_LTST-C190GKT,antmicro-footprints:LED_0603_1608Metric_G,Lite-On,LTST-C190GKT,,8e4ac133-b3d9-457d-b6b3-34ebb0a57612
D48,17,usb_hub.kicad_sch,/f569b0be-0afd-48b7-93ee-28582a4c645c/3fd0fbfa-9a42-4c7b-8c1c-08c3e88df372,antmicroTVSDiodes:PESD5Z5_0F,PESD5Z5.0F,antmicro-footprints:SOD-523,Nexperia,PESD5Z5.0F,,c4ac07a5-bb1b-4777-ab62-a3ce278d9925
D49,14,usb_hub.kicad_sch,/f569b0be-0afd-48b7-93ee-28582a4c645c/3fd0fbfa-9a42-4c7b-8c1c-08c3e88df372,antmicroLEDIndicationDiscrete:LED_G_0603_LTST-C190GKT,LED_G_0603_LTST-C190GKT,antmicro-footprints:LED_0603_1608Metric_G,Lite-On,LTST-C190GKT,,f7d17288-4c8f-4e15-a2d7-ee3c7ec3bcd6
D50,17,recovery_usb.kicad_sch,/f569b0be-0afd-48b7-93ee-28582a4c645c/ee0c56cd-dc85-44e4-b5e6-458df3809c6c,antmicroTVSDiodes:PESD5Z5_0F,PESD5Z5.0F,antmicro-footprints:SOD-523,Nexperia,PESD5Z5.0F,,c5afc1d2-5003-49bf-967b-ca38c5701cd6
D51,14,recovery_usb.kicad_sch,/f569b0be-0afd-48b7-93ee-28582a4c645c/ee0c56cd-dc85-44e4-b5e6-458df3809c6c,antmicroLEDIndicationDiscrete:LED_G_0603_LTST-C190GKT,LED_G_0603_LTST-C190GKT,antmicro-footprints:LED_0603_1608Metric_G,Lite-On,LTST-C190GKT,,918061a9-9414-49cf-962e-833828e19717
D52,14,som_power.kicad_sch,/f569b0be-0afd-48b7-93ee-28582a4c645c/33df10a9-5b30-4fa6-b34e-d62ce1b48c65,antmicroLEDIndicationDiscrete:LED_G_0603_LTST-C190GKT,LED_G_0603_LTST-C190GKT,antmicro-footprints:LED_0603_1608Metric_G,Lite-On,LTST-C190GKT,,47bb4b7d-963e-4bd4-a365-ad5a7c92a079
D53,14,power.kicad_sch,/f569b0be-0afd-48b7-93ee-28582a4c645c/18ddd5dc-52e2-402c-b2e2-8bb33f110eab,antmicroLEDIndicationDiscrete:LED_G_0603_LTST-C190GKT,LED_G_0603_LTST-C190GKT,antmicro-footprints:LED_0603_1608Metric_G,Lite-On,LTST-C190GKT,,5f121ecf-4566-4f0c-9cc4-7283d2ad07cd
D54,15,som_power.kicad_sch,/f569b0be-0afd-48b7-93ee-28582a4c645c/33df10a9-5b30-4fa6-b34e-d62ce1b48c65,antmicroTVSDiodes:TPD1E0B04_XDFN-2,TPD1E0B04_XDFN-2,antmicro-footprints:XDFN-2_1x0.60mm,Texas Instruments,TPD1E0B04DPYR,,a3e90873-98ff-46e4-9046-ec8433b0868c
D55,17,som_power.kicad_sch,/f569b0be-0afd-48b7-93ee-28582a4c645c/33df10a9-5b30-4fa6-b34e-d62ce1b48c65,antmicroTVSDiodes:PESD5Z5_0F,PESD5Z5.0F,antmicro-footprints:SOD-523,Nexperia,PESD5Z5.0F,,42196604-0853-4c58-833b-94e83c752e9a
D56,16,dcdc.kicad_sch,/f569b0be-0afd-48b7-93ee-28582a4c645c/24bfa3d1-0a03-41a0-8beb-0ef00bfb4ba3,antmicroTVSDiodes:ESDA25P35-1U1M,ESDA25P35-1U1M,antmicro-footprints:QFN-2L_1.6x1x0.55mm,STMicroelectronics,ESDA25P35-1U1M,,f3ddda08-bd0a-450f-86b3-ef76cfac4972
D57,12,usb_hub.kicad_sch,/f569b0be-0afd-48b7-93ee-28582a4c645c/3fd0fbfa-9a42-4c7b-8c1c-08c3e88df372,antmicroDiodesRectifiersSingle:RB521S30T1G,RB521S30T1G,antmicro-footprints:SOD-523,ON Semiconductor,RB521S30T1G,,8790d296-96df-4aac-8fb4-4f2dfeea2d80
D58,12,usb_hub.kicad_sch,/f569b0be-0afd-48b7-93ee-28582a4c645c/3fd0fbfa-9a42-4c7b-8c1c-08c3e88df372,antmicroDiodesRectifiersSingle:RB521S30T1G,RB521S30T1G,antmicro-footprints:SOD-523,ON Semiconductor,RB521S30T1G,,ddfd7701-8727-456e-a88d-51edbc42d9e9
D59,12,usb_hub.kicad_sch,/f569b0be-0afd-48b7-93ee-28582a4c645c/3fd0fbfa-9a42-4c7b-8c1c-08c3e88df372,antmicroDiodesRectifiersSingle:RB521S30T1G,RB521S30T1G,antmicro-footprints:SOD-523,ON Semiconductor,RB521S30T1G,,f20aa412-54c4-4b70-a80a-654fc6d9b0c9
D60,12,usb_hub.kicad_sch,/f569b0be-0afd-48b7-93ee-28582a4c645c/3fd0fbfa-9a42-4c7b-8c1c-08c3e88df372,antmicroDiodesRectifiersSingle:RB521S30T1G,RB521S30T1G,antmicro-footprints:SOD-523,ON Semiconductor,RB521S30T1G,,a43567ff-9109-4878-a414-a5406635a088
D61,14,power.kicad_sch,/f569b0be-0afd-48b7-93ee-28582a4c645c/18ddd5dc-52e2-402c-b2e2-8bb33f110eab,antmicroLEDIndicationDiscrete:LED_G_0603_LTST-C190GKT,LED_G_0603_LTST-C190GKT,antmicro-footprints:LED_0603_1608Metric_G,Lite-On,LTST-C190GKT,,226b4568-d8fc-4cd3-88a0-ce25215062ab
D62,17,dcdc.kicad_sch,/f569b0be-0afd-48b7-93ee-28582a4c645c/24bfa3d1-0a03-41a0-8beb-0ef00bfb4ba3,antmicroTVSDiodes:PESD5Z5_0F,PESD5Z5.0F,antmicro-footprints:SOD-523,Nexperia,PESD5Z5.0F,,22b5bdaf-eeca-4b36-b8c8-3c0dea8f9fa0
D63,14,power.kicad_sch,/f569b0be-0afd-48b7-93ee-28582a4c645c/18ddd5dc-52e2-402c-b2e2-8bb33f110eab,antmicroLEDIndicationDiscrete:LED_G_0603_LTST-C190GKT,LED_G_0603_LTST-C190GKT,antmicro-footprints:LED_0603_1608Metric_G,Lite-On,LTST-C190GKT,,eead1774-748f-4e80-91f5-87903c91e979
D64,16,peripherals.kicad_sch,/f569b0be-0afd-48b7-93ee-28582a4c645c/f57c04fe-502b-4d07-880b-2cf807d3e5a1,antmicroTVSDiodes:ESDA25P35-1U1M,ESDA25P35-1U1M,antmicro-footprints:QFN-2L_1.6x1x0.55mm,STMicroelectronics,ESDA25P35-1U1M,,114dcbe4-01f8-4319-9cd3-0c0d053fb69c
D65,14,som_power.kicad_sch,/f569b0be-0afd-48b7-93ee-28582a4c645c/33df10a9-5b30-4fa6-b34e-d62ce1b48c65,antmicroLEDIndicationDiscrete:LED_G_0603_LTST-C190GKT,LED_G_0603_LTST-C190GKT,antmicro-footprints:LED_0603_1608Metric_G,Lite-On,LTST-C190GKT,,21de8221-fea3-48fb-8f55-e0a4955f0f8e
H1,19,jetson-agx-thor-baseboard.kicad_sch,/f569b0be-0afd-48b7-93ee-28582a4c645c,antmicroMechanicalParts:Spacer_Drill3.7mm_H8mm_9774080151R,Spacer_Drill3.7mm_H8mm_9774080151R,antmicro-footprints:Spacer_Drill3.7mm_H8mm_9774080151R,Würth Elektronik,9774080151R,,47a34fd6-4475-4fdf-9dc8-0a7459f0be3f
H2,19,jetson-agx-thor-baseboard.kicad_sch,/f569b0be-0afd-48b7-93ee-28582a4c645c,antmicroMechanicalParts:Spacer_Drill3.7mm_H8mm_9774080151R,Spacer_Drill3.7mm_H8mm_9774080151R,antmicro-footprints:Spacer_Drill3.7mm_H8mm_9774080151R,Würth Elektronik,9774080151R,,d6ba56fd-73cb-44cf-a22a-bf2dce79f390
H3,19,jetson-agx-thor-baseboard.kicad_sch,/f569b0be-0afd-48b7-93ee-28582a4c645c,antmicroMechanicalParts:Spacer_Drill3.7mm_H8mm_9774080151R,Spacer_Drill3.7mm_H8mm_9774080151R,antmicro-footprints:Spacer_Drill3.7mm_H8mm_9774080151R,Würth Elektronik,9774080151R,,e65c7d2d-65f5-48da-b1e2-a2528f126fde
H4,19,jetson-agx-thor-baseboard.kicad_sch,/f569b0be-0afd-48b7-93ee-28582a4c645c,antmicroMechanicalParts:Spacer_Drill3.7mm_H8mm_9774080151R,Spacer_Drill3.7mm_H8mm_9774080151R,antmicro-footprints:Spacer_Drill3.7mm_H8mm_9774080151R,Würth Elektronik,9774080151R,,140ed803-ebf1-4a29-91c6-d19c383f38df
H5,20,som_power.kicad_sch,/f569b0be-0afd-48b7-93ee-28582a4c645c/33df10a9-5b30-4fa6-b34e-d62ce1b48c65,antmicroMechanicalParts:Spacer_Drill4.45mm_H4mm_9774040960R,Spacer_Drill4.45mm_H4mm_9774040960R,antmicro-footprints:Spacer_Drill4.45mm_H4mm_9774040960R,Würth Elektronik,9774040960R,,65ef0e92-bfad-410d-b82b-33407b6c7ca0
H6,20,som_power.kicad_sch,/f569b0be-0afd-48b7-93ee-28582a4c645c/33df10a9-5b30-4fa6-b34e-d62ce1b48c65,antmicroMechanicalParts:Spacer_Drill4.45mm_H4mm_9774040960R,Spacer_Drill4.45mm_H4mm_9774040960R,antmicro-footprints:Spacer_Drill4.45mm_H4mm_9774040960R,Würth Elektronik,9774040960R,,5317a8b0-f2c8-4af4-9d27-b5cbdbd0d475
H7,20,som_power.kicad_sch,/f569b0be-0afd-48b7-93ee-28582a4c645c/33df10a9-5b30-4fa6-b34e-d62ce1b48c65,antmicroMechanicalParts:Spacer_Drill4.45mm_H4mm_9774040960R,Spacer_Drill4.45mm_H4mm_9774040960R,antmicro-footprints:Spacer_Drill4.45mm_H4mm_9774040960R,Würth Elektronik,9774040960R,,1d1e9644-4f47-40d2-a8e0-b00c1cc500be
H8,20,som_power.kicad_sch,/f569b0be-0afd-48b7-93ee-28582a4c645c/33df10a9-5b30-4fa6-b34e-d62ce1b48c65,antmicroMechanicalParts:Spacer_Drill4.45mm_H4mm_9774040960R,Spacer_Drill4.45mm_H4mm_9774040960R,antmicro-footprints:Spacer_Drill4.45mm_H4mm_9774040960R,Würth Elektronik,9774040960R,,75dadc64-4ffe-45f6-a6a2-0df25bcc141f
H9,21,m2.kicad_sch,/f569b0be-0afd-48b7-93ee-28582a4c645c/456a2f48-4934-4d0e-aaf0-f39b01ccc0c1,antmicroMechanicalParts:Spacer_Drill3.7mm_H2.5mm_9774025151R,Spacer_Drill3.7mm_H2.5mm_9774025151R,antmicro-footprints:Spacer_Drill3.7mm_H2.5mm_9774025151R,Würth Elektronik,9774025151R,,42d04494-9fdc-42ef-8b16-74aafa0536bb
H10,21,m2.kicad_sch,/f569b0be-0afd-48b7-93ee-28582a4c645c/456a2f48-4934-4d0e-aaf0-f39b01ccc0c1,antmicroMechanicalParts:Spacer_Drill3.7mm_H2.5mm_9774025151R,Spacer_Drill3.7mm_H2.5mm_9774025151R,antmicro-footprints:Spacer_Drill3.7mm_H2.5mm_9774025151R,Würth Elektronik,9774025151R,,4299500b-17fd-45be-8eba-2954eb3d1871
H11,19,jetson-agx-thor-baseboard.kicad_sch,/f569b0be-0afd-48b7-93ee-28582a4c645c,antmicroMechanicalParts:Spacer_Drill3.7mm_H8mm_9774080151R,Spacer_Drill3.7mm_H8mm_9774080151R,antmicro-footprints:Spacer_Drill3.7mm_H8mm_9774080151R,Würth Elektronik,9774080151R,,e34ccf0b-e1e8-4f05-bd66-516d9f0afeb6
H12,19,jetson-agx-thor-baseboard.kicad_sch,/f569b0be-0afd-48b7-93ee-28582a4c645c,antmicroMechanicalParts:Spacer_Drill3.7mm_H8mm_9774080151R,Spacer_Drill3.7mm_H8mm_9774080151R,antmicro-footprints:Spacer_Drill3.7mm_H8mm_9774080151R,Würth Elektronik,9774080151R,,4d95cf31-4482-4b70-8e04-532e2e80e755
H13,19,jetson-agx-thor-baseboard.kicad_sch,/f569b0be-0afd-48b7-93ee-28582a4c645c,antmicroMechanicalParts:Spacer_Drill3.7mm_H8mm_9774080151R,Spacer_Drill3.7mm_H8mm_9774080151R,antmicro-footprints:Spacer_Drill3.7mm_H8mm_9774080151R,Würth Elektronik,9774080151R,,5ee90b32-b6a7-4da0-a085-f8c3dcebe568
H14,22,som_power.kicad_sch,/f569b0be-0afd-48b7-93ee-28582a4c645c/33df10a9-5b30-4fa6-b34e-d62ce1b48c65,antmicroMechanicalParts:Lightpipe_Bivar_SLP3-150-150-F,Lightpipe_Bivar_SLP3-150-150-F,antmicro-footprints:Mech_Lightpipe_Bivar_SLP3-150-150-F,BIVAR,SLP3-150-150-F,,053f99d5-df77-4caa-8f5d-1c8e5ffaff1d
H15,22,power.kicad_sch,/f569b0be-0afd-48b7-93ee-28582a4c645c/18ddd5dc-52e2-402c-b2e2-8bb33f110eab,antmicroMechanicalParts:Lightpipe_Bivar_SLP3-150-150-F,Lightpipe_Bivar_SLP3-150-150-F,antmicro-footprints:Mech_Lightpipe_Bivar_SLP3-150-150-F,BIVAR,SLP3-150-150-F,,07535fa9-7082-4f7c-a438-b58ecda65e24
J1,23,som_power.kicad_sch,/f569b0be-0afd-48b7-93ee-28582a4c645c/33df10a9-5b30-4fa6-b34e-d62ce1b48c65,antmicroB2BConnectors:Hermaphroditic_Molex_203456-0003_CUSTOM_Jetson_AGX_Thor_H8mm,Hermaphroditic_Molex_203456-0003_CUSTOM_Jetson_AGX_Thor_H8mm,antmicro-footprints:Conn_Hermaphroditic_Molex_203456-0003_mirrored,Molex,203456-0003,,baa2e86c-0584-4554-b892-e1c15de6123f
J2,24,power.kicad_sch,/f569b0be-0afd-48b7-93ee-28582a4c645c/18ddd5dc-52e2-402c-b2e2-8bb33f110eab,antmicroWire2BoardConnectors:Molex_Mini-Fit_2x3_50362462,Molex_Mini-Fit_2x3_50362462,antmicro-footprints:Molex_Mini-Fit_2x3_50362462,Molex,50362462,,8f7f136b-2582-4b4e-98e8-f7f00dff5fe2
J3,25,recovery_usb.kicad_sch,/f569b0be-0afd-48b7-93ee-28582a4c645c/ee0c56cd-dc85-44e4-b5e6-458df3809c6c,antmicroUSBConnectors:USB-C_Kycon_KUSBX-SL2-CS1N24-B-TR,USB-C_Kycon_KUSBX-SL2-CS1N24-B-TR,antmicro-footprints:USB-C_Receptacle_Kycon_KUSBX-SL2-CS1N24-B-TR,Kycon,KUSBX-SL2-CS1N24-B-TR,,93186176-ada3-4b82-bc09-04cc8e543deb
J5,25,usb_hub.kicad_sch,/f569b0be-0afd-48b7-93ee-28582a4c645c/3fd0fbfa-9a42-4c7b-8c1c-08c3e88df372,antmicroUSBConnectors:USB-C_Kycon_KUSBX-SL2-CS1N24-B-TR,USB-C_Kycon_KUSBX-SL2-CS1N24-B-TR,antmicro-footprints:USB-C_Receptacle_Kycon_KUSBX-SL2-CS1N24-B-TR,Kycon,KUSBX-SL2-CS1N24-B-TR,,14322299-66a1-42e3-a2d3-992153357228
J6,25,usb_hub.kicad_sch,/f569b0be-0afd-48b7-93ee-28582a4c645c/3fd0fbfa-9a42-4c7b-8c1c-08c3e88df372,antmicroUSBConnectors:USB-C_Kycon_KUSBX-SL2-CS1N24-B-TR,USB-C_Kycon_KUSBX-SL2-CS1N24-B-TR,antmicro-footprints:USB-C_Receptacle_Kycon_KUSBX-SL2-CS1N24-B-TR,Kycon,KUSBX-SL2-CS1N24-B-TR,,8cdc0950-f0d3-4a45-83b1-ac49a63df3a9
J7,25,usb_debug_pd.kicad_sch,/f569b0be-0afd-48b7-93ee-28582a4c645c/12c19ba5-8fdc-4775-a33b-e8b1ade01b0a,antmicroUSBConnectors:USB-C_Kycon_KUSBX-SL2-CS1N24-B-TR,USB-C_Kycon_KUSBX-SL2-CS1N24-B-TR,antmicro-footprints:USB-C_Receptacle_Kycon_KUSBX-SL2-CS1N24-B-TR,Kycon,KUSBX-SL2-CS1N24-B-TR,,6f4d0945-11b3-4e40-bd99-5d376076e6ea
J8,26,expansion_connector.kicad_sch,/f569b0be-0afd-48b7-93ee-28582a4c645c/5fb038ee-4d59-43de-81a4-b4c993aa7149,antmicroB2BConnectors:Plug_Samtec_UMPT_1x6_UMPT-06-02.5-L-V-S-W-TR,Plug_Samtec_UMPT_1x6_UMPT-06-02.5-L-V-S-W-TR,antmicro-footprints:Conn_Plug_Samtec_UMPT_1x6_UMPT-06-02.5-L-V-S-W-TR,Samtec,UMPT-06-02.5-L-V-S-W-TR,,656d640e-4381-453f-b986-47c308eef0ff
J9,25,usb_dp.kicad_sch,/f569b0be-0afd-48b7-93ee-28582a4c645c/79924a89-4330-4c0a-9aa5-2a2f90ef321b,antmicroUSBConnectors:USB-C_Kycon_KUSBX-SL2-CS1N24-B-TR,USB-C_Kycon_KUSBX-SL2-CS1N24-B-TR,antmicro-footprints:USB-C_Receptacle_Kycon_KUSBX-SL2-CS1N24-B-TR,Kycon,KUSBX-SL2-CS1N24-B-TR,,4d35017b-c90a-4ac1-9ff6-57e65e079124
J10,27,csi.kicad_sch,/f569b0be-0afd-48b7-93ee-28582a4c645c/5735e52d-0a61-43fd-a7c9-5087dffafe64,antmicroFCCConnectors:Conn_FFC_WE_68715014522,Conn_FFC_WE_68715014522,antmicro-footprints:Conn_FFC_WE_68715014x22,Würth Elektronik,68715014522,,ebe1d5fb-7a11-4e95-967c-676506d43536
J11,27,csi.kicad_sch,/f569b0be-0afd-48b7-93ee-28582a4c645c/5735e52d-0a61-43fd-a7c9-5087dffafe64,antmicroFCCConnectors:Conn_FFC_WE_68715014522,Conn_FFC_WE_68715014522,antmicro-footprints:Conn_FFC_WE_68715014x22,Würth Elektronik,68715014522,,261dc600-fe0b-48f9-8efd-86173ad096c5
J12,28,sfp.kicad_sch,/f569b0be-0afd-48b7-93ee-28582a4c645c/a94d9c53-c5ac-439c-b57f-c8751a5ad590,antmicroWire2BoardConnectors:Amphenol_SFP28_1x20_UE763GA202600T,Amphenol_SFP28_1x20_UE763GA202600T,antmicro-footprints:Conn_Amphenol_SFP28_1x20_UE763GA202600T,Amphenol,UE763GA202600T,,bb6e0b03-3e43-45fe-969c-a9b64398c686
J13,29,m2.kicad_sch,/f569b0be-0afd-48b7-93ee-28582a4c645c/456a2f48-4934-4d0e-aaf0-f39b01ccc0c1,antmicroPciConnectors:Bus_M.2_1-2199230-6,Bus_M.2_1-2199230-6,antmicro-footprints:Bus_M.2_Socket_Key_M_TE_1-2199230-6,TE Connectivity,1-2199230-6,,1f0b074d-4c53-452c-83f3-13b6909b2d47
J14,30,m2.kicad_sch,/f569b0be-0afd-48b7-93ee-28582a4c645c/456a2f48-4934-4d0e-aaf0-f39b01ccc0c1,antmicroPciConnectors:Bus_M.2_2199230-2,Bus_M.2_2199230-2,antmicro-footprints:Bus_M.2_Socket_Key_E_TE_2199230-6,TE Connectivity,2199230-2,,1493821e-c950-4151-ab5f-2bb8f1ce691c
J15,31,peripherals.kicad_sch,/f569b0be-0afd-48b7-93ee-28582a4c645c/f57c04fe-502b-4d07-880b-2cf807d3e5a1,antmicroWire2BoardConnectors:Molex_PicoBlade_1x4_0533980471,Molex_PicoBlade_1x4_0533980471,antmicro-footprints:Conn_Molex_PicoBlade_1x4_0533980471,Molex,0533980471,,b8423c8e-b175-4846-919a-aede09db3b9d
J16,32,peripherals.kicad_sch,/f569b0be-0afd-48b7-93ee-28582a4c645c/f57c04fe-502b-4d07-880b-2cf807d3e5a1,antmicroWire2BoardConnectors:JST_SH_1x4_SM04B-SRSS-TB-LF-SN,JST_SH_1x4_SM04B-SRSS-TB-LF-SN,antmicro-footprints:Conn_JST_SH_1x4_SM04B-SRSS-TB-LF-SN,JST Automotive Connectors,SM04B-SRSS-TB(LF)(SN),,e252d6f1-7ffb-4dd1-88f4-de1220619e2a
J17,32,peripherals.kicad_sch,/f569b0be-0afd-48b7-93ee-28582a4c645c/f57c04fe-502b-4d07-880b-2cf807d3e5a1,antmicroWire2BoardConnectors:JST_SH_1x4_SM04B-SRSS-TB-LF-SN,JST_SH_1x4_SM04B-SRSS-TB-LF-SN,antmicro-footprints:Conn_JST_SH_1x4_SM04B-SRSS-TB-LF-SN,JST Automotive Connectors,SM04B-SRSS-TB(LF)(SN),,3a81a289-2ee8-4aef-8264-be8e6718f7c7
J18,33,expansion_connector.kicad_sch,/f569b0be-0afd-48b7-93ee-28582a4c645c/5fb038ee-4d59-43de-81a4-b4c993aa7149,antmicroB2BConnectors:ASP-208571-01_mounting_holes,ASP-208571-01_mounting_holes,antmicro-footprints:ASP-208571-01_mounting_holes,Samtec,ASP-208571-01,,142d04f2-df88-4e39-961a-fcae7074d533
J19,34,sfp.kicad_sch,/f569b0be-0afd-48b7-93ee-28582a4c645c/a94d9c53-c5ac-439c-b57f-c8751a5ad590,antmicroWire2BoardConnectors:Amphenol_SFP28_Cage_U773GC16382071,Amphenol_SFP28_Cage_U773GC16382071,antmicro-footprints:Conn_Amphenol_SFP28_Cage_U773GC16382071,Amphenol,U773GC16382071,,94471a0b-ce4c-4cce-8eda-afc29be22d9e
L1,35,dcdc.kicad_sch,/f569b0be-0afd-48b7-93ee-28582a4c645c/24bfa3d1-0a03-41a0-8beb-0ef00bfb4ba3,antmicroFixedInductors:L_1u_20A_Bourns-SRP6050CA,L_1u_20A_Bourns-SRP6050CA,antmicro-footprints:L_Bourns-SRP6050CA,Bourns,SRP6050CA-1R0M,,739772e3-9ee9-48d1-8fde-2a94dca6da15
L2,36,dcdc.kicad_sch,/f569b0be-0afd-48b7-93ee-28582a4c645c/24bfa3d1-0a03-41a0-8beb-0ef00bfb4ba3,antmicroFixedInductors:L_560n_17.7A_Bourns-SRP5030CA,L_560n_17.7A_Bourns-SRP5030CA,antmicro-footprints:L_Bourns-SRP5030CA,Bourns,SRP5030CA-R56M,,57bc9392-1f27-48cd-86fd-101014aebaf2
L3,37,dcdc.kicad_sch,/f569b0be-0afd-48b7-93ee-28582a4c645c/24bfa3d1-0a03-41a0-8beb-0ef00bfb4ba3,antmicroFixedInductors:L_3u3_15.1A_Coilcraft-XAL7070,L_3u3_15.1A_Coilcraft-XAL7070,antmicro-footprints:L_Coilcraft-XAL7070,Coilcraft,XAL7070-332MEB,,a55bea04-027f-4888-8803-24b9a104c4a0
L4,37,dcdc.kicad_sch,/f569b0be-0afd-48b7-93ee-28582a4c645c/24bfa3d1-0a03-41a0-8beb-0ef00bfb4ba3,antmicroFixedInductors:L_3u3_15.1A_Coilcraft-XAL7070,L_3u3_15.1A_Coilcraft-XAL7070,antmicro-footprints:L_Coilcraft-XAL7070,Coilcraft,XAL7070-332MEB,,5db57785-82f6-4b93-a346-c06d632745e8
L5,38,dcdc.kicad_sch,/f569b0be-0afd-48b7-93ee-28582a4c645c/24bfa3d1-0a03-41a0-8beb-0ef00bfb4ba3,antmicroFixedInductors:L_1u8_6.8A_WE-MAPI-4020,L_1u8_6.8A_WE-MAPI-4020,antmicro-footprints:L_WE-MAPI-4020,Würth Elektronik,74438356018,,9e7643e4-7231-4a64-b13a-ea35bc7fa649
L6,39,dcdc.kicad_sch,/f569b0be-0afd-48b7-93ee-28582a4c645c/24bfa3d1-0a03-41a0-8beb-0ef00bfb4ba3,antmicroFixedInductors:L_6u8_6.1A_MPS-MPL-AL5050,L_6u8_6.1A_MPS-MPL-AL5050,antmicro-footprints:L_MPS-MPL-AL5050,Monolithic Power Systems,MPL-AL5050-6R8,,0845c9ff-562f-4867-b505-070a393ce509
L7,38,dcdc.kicad_sch,/f569b0be-0afd-48b7-93ee-28582a4c645c/24bfa3d1-0a03-41a0-8beb-0ef00bfb4ba3,antmicroFixedInductors:L_1u8_6.8A_WE-MAPI-4020,L_1u8_6.8A_WE-MAPI-4020,antmicro-footprints:L_WE-MAPI-4020,Würth Elektronik,74438356018,,18d5f53c-0df0-41bc-8eac-e93580384815
L8,40,dcdc.kicad_sch,/f569b0be-0afd-48b7-93ee-28582a4c645c/24bfa3d1-0a03-41a0-8beb-0ef00bfb4ba3,antmicroFixedInductors:L_3u3_6A_Bourns-SRP7028A,L_3u3_6A_Bourns-SRP7028A,antmicro-footprints:L_Bourns-SRP7028A,Bourns,SRP7028A-3R3M,,333134c2-08d9-4468-9364-3cbcc0e22159
Q1,41,peripherals.kicad_sch,/f569b0be-0afd-48b7-93ee-28582a4c645c/f57c04fe-502b-4d07-880b-2cf807d3e5a1,antmicroTransistorsFETsMOSFETsSingle:DMG1012T-7,DMG1012T-7,antmicro-footprints:SOT-523,Diodes Incorporated,DMG1012T-7,,0dd50d51-f41c-431c-8e5d-a13512197200
Q2,41,som_power.kicad_sch,/f569b0be-0afd-48b7-93ee-28582a4c645c/33df10a9-5b30-4fa6-b34e-d62ce1b48c65,antmicroTransistorsFETsMOSFETsSingle:DMG1012T-7,DMG1012T-7,antmicro-footprints:SOT-523,Diodes Incorporated,DMG1012T-7,,e37f7a1f-9d64-40f8-9d7f-22c0c724f4a3
Q3,41,usb_debug_pd.kicad_sch,/f569b0be-0afd-48b7-93ee-28582a4c645c/12c19ba5-8fdc-4775-a33b-e8b1ade01b0a,antmicroTransistorsFETsMOSFETsSingle:DMG1012T-7,DMG1012T-7,antmicro-footprints:SOT-523,Diodes Incorporated,DMG1012T-7,,413ce53b-0a38-4f06-b482-df49a8fdbf44
Q4,41,power.kicad_sch,/f569b0be-0afd-48b7-93ee-28582a4c645c/18ddd5dc-52e2-402c-b2e2-8bb33f110eab,antmicroTransistorsFETsMOSFETsSingle:DMG1012T-7,DMG1012T-7,antmicro-footprints:SOT-523,Diodes Incorporated,DMG1012T-7,,4d99fdd2-fecc-4989-ac22-014aab181bbf
Q6,41,som_power.kicad_sch,/f569b0be-0afd-48b7-93ee-28582a4c645c/33df10a9-5b30-4fa6-b34e-d62ce1b48c65,antmicroTransistorsFETsMOSFETsSingle:DMG1012T-7,DMG1012T-7,antmicro-footprints:SOT-523,Diodes Incorporated,DMG1012T-7,,56687fdb-e7df-4e5e-b508-5a08787d2765
Q7,41,som_power.kicad_sch,/f569b0be-0afd-48b7-93ee-28582a4c645c/33df10a9-5b30-4fa6-b34e-d62ce1b48c65,antmicroTransistorsFETsMOSFETsSingle:DMG1012T-7,DMG1012T-7,antmicro-footprints:SOT-523,Diodes Incorporated,DMG1012T-7,,04e0682e-79c1-4114-b53a-94aa149333ef
Q8,41,som_power.kicad_sch,/f569b0be-0afd-48b7-93ee-28582a4c645c/33df10a9-5b30-4fa6-b34e-d62ce1b48c65,antmicroTransistorsFETsMOSFETsSingle:DMG1012T-7,DMG1012T-7,antmicro-footprints:SOT-523,Diodes Incorporated,DMG1012T-7,,644f87aa-71cb-4d0f-94c5-0f6caa8d8127
Q9,42,som_power.kicad_sch,/f569b0be-0afd-48b7-93ee-28582a4c645c/33df10a9-5b30-4fa6-b34e-d62ce1b48c65,antmicroTransistorsFETsMOSFETsSingle:SISS05DN-T1-GE3,SISS05DN-T1-GE3,antmicro-footprints:Vishay_PowerPAK_1212-8_Single,Vishay,SISS05DN-T1-GE3,,b5d959e8-75ef-4413-9836-7ea7d1bda121
Q10,41,som_power.kicad_sch,/f569b0be-0afd-48b7-93ee-28582a4c645c/33df10a9-5b30-4fa6-b34e-d62ce1b48c65,antmicroTransistorsFETsMOSFETsSingle:DMG1012T-7,DMG1012T-7,antmicro-footprints:SOT-523,Diodes Incorporated,DMG1012T-7,,433ee40f-56e2-4501-b72c-7474b61f73fb
Q11,41,som_power.kicad_sch,/f569b0be-0afd-48b7-93ee-28582a4c645c/33df10a9-5b30-4fa6-b34e-d62ce1b48c65,antmicroTransistorsFETsMOSFETsSingle:DMG1012T-7,DMG1012T-7,antmicro-footprints:SOT-523,Diodes Incorporated,DMG1012T-7,,fd928efc-f7b5-4666-89f8-1230b8fccc93
Q12,41,usb_debug_pd.kicad_sch,/f569b0be-0afd-48b7-93ee-28582a4c645c/12c19ba5-8fdc-4775-a33b-e8b1ade01b0a,antmicroTransistorsFETsMOSFETsSingle:DMG1012T-7,DMG1012T-7,antmicro-footprints:SOT-523,Diodes Incorporated,DMG1012T-7,,49eb0f22-3c55-4a2b-b7f5-3189077bde69
Q13,41,peripherals.kicad_sch,/f569b0be-0afd-48b7-93ee-28582a4c645c/f57c04fe-502b-4d07-880b-2cf807d3e5a1,antmicroTransistorsFETsMOSFETsSingle:DMG1012T-7,DMG1012T-7,antmicro-footprints:SOT-523,Diodes Incorporated,DMG1012T-7,,5a539d13-f0fb-4911-b440-3bfb94f2e4d9
Q14,41,peripherals.kicad_sch,/f569b0be-0afd-48b7-93ee-28582a4c645c/f57c04fe-502b-4d07-880b-2cf807d3e5a1,antmicroTransistorsFETsMOSFETsSingle:DMG1012T-7,DMG1012T-7,antmicro-footprints:SOT-523,Diodes Incorporated,DMG1012T-7,,64ebb3f4-d6cf-4d77-a1c2-b0493beefad3
Q15,41,recovery_usb.kicad_sch,/f569b0be-0afd-48b7-93ee-28582a4c645c/ee0c56cd-dc85-44e4-b5e6-458df3809c6c,antmicroTransistorsFETsMOSFETsSingle:DMG1012T-7,DMG1012T-7,antmicro-footprints:SOT-523,Diodes Incorporated,DMG1012T-7,,527f08bd-8cf2-45b1-9883-129ec76059b2
Q16,41,power.kicad_sch,/f569b0be-0afd-48b7-93ee-28582a4c645c/18ddd5dc-52e2-402c-b2e2-8bb33f110eab,antmicroTransistorsFETsMOSFETsSingle:DMG1012T-7,DMG1012T-7,antmicro-footprints:SOT-523,Diodes Incorporated,DMG1012T-7,,10280f2b-618c-4313-9bb3-75a9ca5e2ca5
Q17,41,som_power.kicad_sch,/f569b0be-0afd-48b7-93ee-28582a4c645c/33df10a9-5b30-4fa6-b34e-d62ce1b48c65,antmicroTransistorsFETsMOSFETsSingle:DMG1012T-7,DMG1012T-7,antmicro-footprints:SOT-523,Diodes Incorporated,DMG1012T-7,,7d071750-3be8-4e38-9e93-889417e149eb
Q18,41,som_power.kicad_sch,/f569b0be-0afd-48b7-93ee-28582a4c645c/33df10a9-5b30-4fa6-b34e-d62ce1b48c65,antmicroTransistorsFETsMOSFETsSingle:DMG1012T-7,DMG1012T-7,antmicro-footprints:SOT-523,Diodes Incorporated,DMG1012T-7,,7a13f0eb-ff71-415b-8b9f-993580c638f3
Q19,41,recovery_usb.kicad_sch,/f569b0be-0afd-48b7-93ee-28582a4c645c/ee0c56cd-dc85-44e4-b5e6-458df3809c6c,antmicroTransistorsFETsMOSFETsSingle:DMG1012T-7,DMG1012T-7,antmicro-footprints:SOT-523,Diodes Incorporated,DMG1012T-7,,05915594-7bf0-40bb-b170-d920ff2f15a2
Q20,41,som_power.kicad_sch,/f569b0be-0afd-48b7-93ee-28582a4c645c/33df10a9-5b30-4fa6-b34e-d62ce1b48c65,antmicroTransistorsFETsMOSFETsSingle:DMG1012T-7,DMG1012T-7,antmicro-footprints:SOT-523,Diodes Incorporated,DMG1012T-7,,38df5fe9-8de1-486c-ba10-1c89771055ec
Q21,43,usb_hub.kicad_sch,/f569b0be-0afd-48b7-93ee-28582a4c645c/3fd0fbfa-9a42-4c7b-8c1c-08c3e88df372,antmicroTransistorsFETsMOSFETsArrays:DMC2400UV-7,DMC2400UV-7,antmicro-footprints:SOT-563,Diodes Incorporated,DMC2400UV-7,,29038db7-8474-4d28-8596-e1810531945c
Q22,41,som_power.kicad_sch,/f569b0be-0afd-48b7-93ee-28582a4c645c/33df10a9-5b30-4fa6-b34e-d62ce1b48c65,antmicroTransistorsFETsMOSFETsSingle:DMG1012T-7,DMG1012T-7,antmicro-footprints:SOT-523,Diodes Incorporated,DMG1012T-7,,79d2d1b5-2c50-48fe-a1d8-a4dc046c64a5
Q24,42,power.kicad_sch,/f569b0be-0afd-48b7-93ee-28582a4c645c/18ddd5dc-52e2-402c-b2e2-8bb33f110eab,antmicroTransistorsFETsMOSFETsSingle:SISS05DN-T1-GE3,SISS05DN-T1-GE3,antmicro-footprints:Vishay_PowerPAK_1212-8_Single,Vishay,SISS05DN-T1-GE3,,16002534-05dc-4b8e-8897-1879766f5880
Q25,42,power.kicad_sch,/f569b0be-0afd-48b7-93ee-28582a4c645c/18ddd5dc-52e2-402c-b2e2-8bb33f110eab,antmicroTransistorsFETsMOSFETsSingle:SISS05DN-T1-GE3,SISS05DN-T1-GE3,antmicro-footprints:Vishay_PowerPAK_1212-8_Single,Vishay,SISS05DN-T1-GE3,,c7b84bf4-04d1-4c52-8260-b346db746fc2
Q26,43,usb_hub.kicad_sch,/f569b0be-0afd-48b7-93ee-28582a4c645c/3fd0fbfa-9a42-4c7b-8c1c-08c3e88df372,antmicroTransistorsFETsMOSFETsArrays:DMC2400UV-7,DMC2400UV-7,antmicro-footprints:SOT-563,Diodes Incorporated,DMC2400UV-7,,c612bff3-b1ac-4a95-821b-2d2d3be544a7
Q27,43,usb_hub.kicad_sch,/f569b0be-0afd-48b7-93ee-28582a4c645c/3fd0fbfa-9a42-4c7b-8c1c-08c3e88df372,antmicroTransistorsFETsMOSFETsArrays:DMC2400UV-7,DMC2400UV-7,antmicro-footprints:SOT-563,Diodes Incorporated,DMC2400UV-7,,44db04f2-c01d-41d6-a828-4cb147381a44
Q29,43,usb_hub.kicad_sch,/f569b0be-0afd-48b7-93ee-28582a4c645c/3fd0fbfa-9a42-4c7b-8c1c-08c3e88df372,antmicroTransistorsFETsMOSFETsArrays:DMC2400UV-7,DMC2400UV-7,antmicro-footprints:SOT-563,Diodes Incorporated,DMC2400UV-7,,83ff3cf3-adf3-48d7-a499-909fe6c6bfde
Q30,41,som_power.kicad_sch,/f569b0be-0afd-48b7-93ee-28582a4c645c/33df10a9-5b30-4fa6-b34e-d62ce1b48c65,antmicroTransistorsFETsMOSFETsSingle:DMG1012T-7,DMG1012T-7,antmicro-footprints:SOT-523,Diodes Incorporated,DMG1012T-7,,7f804dfb-7db8-40a9-8822-60da93721da6
Q32,42,power.kicad_sch,/f569b0be-0afd-48b7-93ee-28582a4c645c/18ddd5dc-52e2-402c-b2e2-8bb33f110eab,antmicroTransistorsFETsMOSFETsSingle:SISS05DN-T1-GE3,SISS05DN-T1-GE3,antmicro-footprints:Vishay_PowerPAK_1212-8_Single,Vishay,SISS05DN-T1-GE3,,912bc789-04e4-4231-9b24-4bde5c919466
Q33,42,power.kicad_sch,/f569b0be-0afd-48b7-93ee-28582a4c645c/18ddd5dc-52e2-402c-b2e2-8bb33f110eab,antmicroTransistorsFETsMOSFETsSingle:SISS05DN-T1-GE3,SISS05DN-T1-GE3,antmicro-footprints:Vishay_PowerPAK_1212-8_Single,Vishay,SISS05DN-T1-GE3,,515ff248-b869-4510-a1b2-5c466b22c314
Q34,41,usb_dp.kicad_sch,/f569b0be-0afd-48b7-93ee-28582a4c645c/79924a89-4330-4c0a-9aa5-2a2f90ef321b,antmicroTransistorsFETsMOSFETsSingle:DMG1012T-7,DMG1012T-7,antmicro-footprints:SOT-523,Diodes Incorporated,DMG1012T-7,,71ee5b21-a153-4dc3-b798-204b2ee38138
Q35,41,usb_dp.kicad_sch,/f569b0be-0afd-48b7-93ee-28582a4c645c/79924a89-4330-4c0a-9aa5-2a2f90ef321b,antmicroTransistorsFETsMOSFETsSingle:DMG1012T-7,DMG1012T-7,antmicro-footprints:SOT-523,Diodes Incorporated,DMG1012T-7,,3bfa64b0-f56b-46bc-a10b-895d111c6dc4
Q37,41,som_power.kicad_sch,/f569b0be-0afd-48b7-93ee-28582a4c645c/33df10a9-5b30-4fa6-b34e-d62ce1b48c65,antmicroTransistorsFETsMOSFETsSingle:DMG1012T-7,DMG1012T-7,antmicro-footprints:SOT-523,Diodes Incorporated,DMG1012T-7,,ff03b632-1773-4531-9cb1-a5b00b8358b7
Q38,41,som_power.kicad_sch,/f569b0be-0afd-48b7-93ee-28582a4c645c/33df10a9-5b30-4fa6-b34e-d62ce1b48c65,antmicroTransistorsFETsMOSFETsSingle:DMG1012T-7,DMG1012T-7,antmicro-footprints:SOT-523,Diodes Incorporated,DMG1012T-7,,e39693de-aec2-4de1-9c72-1bdbce9b8ed6
Q40,41,som_power.kicad_sch,/f569b0be-0afd-48b7-93ee-28582a4c645c/33df10a9-5b30-4fa6-b34e-d62ce1b48c65,antmicroTransistorsFETsMOSFETsSingle:DMG1012T-7,DMG1012T-7,antmicro-footprints:SOT-523,Diodes Incorporated,DMG1012T-7,,28165689-6890-4d51-99e4-438598924bc4
Q41,42,power.kicad_sch,/f569b0be-0afd-48b7-93ee-28582a4c645c/18ddd5dc-52e2-402c-b2e2-8bb33f110eab,antmicroTransistorsFETsMOSFETsSingle:SISS05DN-T1-GE3,SISS05DN-T1-GE3,antmicro-footprints:Vishay_PowerPAK_1212-8_Single,Vishay,SISS05DN-T1-GE3,,2d84e749-f627-40b6-a51e-ba89ff535546
Q42,42,power.kicad_sch,/f569b0be-0afd-48b7-93ee-28582a4c645c/18ddd5dc-52e2-402c-b2e2-8bb33f110eab,antmicroTransistorsFETsMOSFETsSingle:SISS05DN-T1-GE3,SISS05DN-T1-GE3,antmicro-footprints:Vishay_PowerPAK_1212-8_Single,Vishay,SISS05DN-T1-GE3,,0a1ea35d-20e5-494c-a270-1801971b1b3d
R1,44,som_io2.kicad_sch,/f569b0be-0afd-48b7-93ee-28582a4c645c/656db8bb-c788-4c93-9592-ce18fa1a48a2,antmicroResistors0402:R_100k_0402,R_100k_0402,antmicro-footprints:R_0402_1005Metric,Bourns,CR0402-FX-1003GLF,,6d23d537-c0d6-473b-8f48-23ce5671df20
R2,45,som_io2.kicad_sch,/f569b0be-0afd-48b7-93ee-28582a4c645c/656db8bb-c788-4c93-9592-ce18fa1a48a2,antmicroResistors0402:R_33R_0402,R_33R_0402,antmicro-footprints:R_0402_1005Metric,Bourns,CR0402-FX-33R0GLF,,b3787370-1dd2-4233-bd81-93819c77f1a6
R3,45,som_io2.kicad_sch,/f569b0be-0afd-48b7-93ee-28582a4c645c/656db8bb-c788-4c93-9592-ce18fa1a48a2,antmicroResistors0402:R_33R_0402,R_33R_0402,antmicro-footprints:R_0402_1005Metric,Bourns,CR0402-FX-33R0GLF,,16b27d8c-2008-4362-ac5d-64c64c40dd17
R4,46,som_io2.kicad_sch,/f569b0be-0afd-48b7-93ee-28582a4c645c/656db8bb-c788-4c93-9592-ce18fa1a48a2,antmicroResistors0402:R_49R9_0402,R_49R9_0402,antmicro-footprints:R_0402_1005Metric,Bourns,CR0402-FX-49R9GLF,,217f491f-82d0-4055-b350-48718f1e0d70
R5,46,som_io2.kicad_sch,/f569b0be-0afd-48b7-93ee-28582a4c645c/656db8bb-c788-4c93-9592-ce18fa1a48a2,antmicroResistors0402:R_49R9_0402,R_49R9_0402,antmicro-footprints:R_0402_1005Metric,Bourns,CR0402-FX-49R9GLF,,6735e22e-08fe-4bf1-a6ef-21d3ccf309a9
R6,47,som_power.kicad_sch,/f569b0be-0afd-48b7-93ee-28582a4c645c/33df10a9-5b30-4fa6-b34e-d62ce1b48c65,antmicroResistors0402:R_2k2_0402,R_2k2_0402,antmicro-footprints:R_0402_1005Metric,Bourns,CR0402-FX-2201GLF,,b22d9847-d8db-47e0-88f6-e1f76031d78d
R7,48,dcdc.kicad_sch,/f569b0be-0afd-48b7-93ee-28582a4c645c/24bfa3d1-0a03-41a0-8beb-0ef00bfb4ba3,antmicroResistors0603:R_0R_22.4A_0603,R_0R_22.4A_0603,antmicro-footprints:R_0603_1608Metric,ROHM Semiconductor,PMR03EZPJ000,,dc70db2e-5e34-42f5-96d2-abbb9de67b57
R8,45,som_io2.kicad_sch,/f569b0be-0afd-48b7-93ee-28582a4c645c/656db8bb-c788-4c93-9592-ce18fa1a48a2,antmicroResistors0402:R_33R_0402,R_33R_0402,antmicro-footprints:R_0402_1005Metric,Bourns,CR0402-FX-33R0GLF,,cf6865f6-beba-4fb5-b8f7-6c19b1884465
R9,49,dcdc.kicad_sch,/f569b0be-0afd-48b7-93ee-28582a4c645c/24bfa3d1-0a03-41a0-8beb-0ef00bfb4ba3,antmicroResistors0402:R_11k_0402,R_11k_0402,antmicro-footprints:R_0402_1005Metric,Bourns,CR0402-FX-1102GLF,,165e2e68-6675-4770-a30f-fa8b67770a3c
R10,48,dcdc.kicad_sch,/f569b0be-0afd-48b7-93ee-28582a4c645c/24bfa3d1-0a03-41a0-8beb-0ef00bfb4ba3,antmicroResistors0603:R_0R_22.4A_0603,R_0R_22.4A_0603,antmicro-footprints:R_0603_1608Metric,ROHM Semiconductor,PMR03EZPJ000,,fb61e3f7-e15a-4ffa-b566-d5402960bcb2
R11,44,som_io2.kicad_sch,/f569b0be-0afd-48b7-93ee-28582a4c645c/656db8bb-c788-4c93-9592-ce18fa1a48a2,antmicroResistors0402:R_100k_0402,R_100k_0402,antmicro-footprints:R_0402_1005Metric,Bourns,CR0402-FX-1003GLF,,7ed68bb4-60bd-4ae7-928e-e98568e60863
R13,50,dcdc.kicad_sch,/f569b0be-0afd-48b7-93ee-28582a4c645c/24bfa3d1-0a03-41a0-8beb-0ef00bfb4ba3,antmicroResistors0402:R_499k_0402,R_499k_0402,antmicro-footprints:R_0402_1005Metric,Bourns,CR0402-FX-4993GLF,,12af69fd-8aa3-46f9-ba86-4f59bacc30f3
R14,51,som_power.kicad_sch,/f569b0be-0afd-48b7-93ee-28582a4c645c/33df10a9-5b30-4fa6-b34e-d62ce1b48c65,antmicroResistors0402:R_10k_0402,R_10k_0402,antmicro-footprints:R_0402_1005Metric,Bourns,CR0402-FX-1002GLF,,32404d93-6fab-48fe-bab4-eba50e8a578a
R15,52,dcdc.kicad_sch,/f569b0be-0afd-48b7-93ee-28582a4c645c/24bfa3d1-0a03-41a0-8beb-0ef00bfb4ba3,antmicroResistors0402:R_51k_0402,R_51k_0402,antmicro-footprints:R_0402_1005Metric,Bourns,CR0402-FX-5102GLF,,3f0bdc43-859d-484c-bd19-0aee47b7860a
R16,53,dcdc.kicad_sch,/f569b0be-0afd-48b7-93ee-28582a4c645c/24bfa3d1-0a03-41a0-8beb-0ef00bfb4ba3,antmicroResistors0402:R_12k_0402,R_12k_0402,antmicro-footprints:R_0402_1005Metric,Bourns,CR0402-FX-1202GLF,,dae42833-39b4-447e-b5d8-064c55cc7b79
R17,47,power.kicad_sch,/f569b0be-0afd-48b7-93ee-28582a4c645c/18ddd5dc-52e2-402c-b2e2-8bb33f110eab,antmicroResistors0402:R_2k2_0402,R_2k2_0402,antmicro-footprints:R_0402_1005Metric,Bourns,CR0402-FX-2201GLF,,158cb263-f02b-49cd-a384-b1930fe4cc8d
R18,51,dcdc.kicad_sch,/f569b0be-0afd-48b7-93ee-28582a4c645c/24bfa3d1-0a03-41a0-8beb-0ef00bfb4ba3,antmicroResistors0402:R_10k_0402,R_10k_0402,antmicro-footprints:R_0402_1005Metric,Bourns,CR0402-FX-1002GLF,,5eca604c-3349-4f1e-b4b0-5fd5a0124a9e
R19,50,som_power.kicad_sch,/f569b0be-0afd-48b7-93ee-28582a4c645c/33df10a9-5b30-4fa6-b34e-d62ce1b48c65,antmicroResistors0402:R_499k_0402,R_499k_0402,antmicro-footprints:R_0402_1005Metric,Bourns,CR0402-FX-4993GLF,,7610e4d5-8365-4b81-8fa4-f534bcce15b8
R20,44,dcdc.kicad_sch,/f569b0be-0afd-48b7-93ee-28582a4c645c/24bfa3d1-0a03-41a0-8beb-0ef00bfb4ba3,antmicroResistors0402:R_100k_0402,R_100k_0402,antmicro-footprints:R_0402_1005Metric,Bourns,CR0402-FX-1003GLF,,81c942ec-e4ca-4c89-87cc-a3ad0ba98869
R21,54,usb_hub.kicad_sch,/f569b0be-0afd-48b7-93ee-28582a4c645c/3fd0fbfa-9a42-4c7b-8c1c-08c3e88df372,antmicroResistors0402:R_0R_0402,R_0R_0402,antmicro-footprints:R_0402_1005Metric,Panasonic,ERJ2GE0R00X,,3401def1-0d99-4cf4-945d-04110e5aaee6
R22,48,dcdc.kicad_sch,/f569b0be-0afd-48b7-93ee-28582a4c645c/24bfa3d1-0a03-41a0-8beb-0ef00bfb4ba3,antmicroResistors0603:R_0R_22.4A_0603,R_0R_22.4A_0603,antmicro-footprints:R_0603_1608Metric,ROHM Semiconductor,PMR03EZPJ000,,9e907f45-2198-4245-9a22-c686e40fc980
R24,51,som_power.kicad_sch,/f569b0be-0afd-48b7-93ee-28582a4c645c/33df10a9-5b30-4fa6-b34e-d62ce1b48c65,antmicroResistors0402:R_10k_0402,R_10k_0402,antmicro-footprints:R_0402_1005Metric,Bourns,CR0402-FX-1002GLF,,d85e15de-6a90-406f-bc19-35ce46e2345f
R27,47,power.kicad_sch,/f569b0be-0afd-48b7-93ee-28582a4c645c/18ddd5dc-52e2-402c-b2e2-8bb33f110eab,antmicroResistors0402:R_2k2_0402,R_2k2_0402,antmicro-footprints:R_0402_1005Metric,Bourns,CR0402-FX-2201GLF,,902189bb-1a3a-4564-855b-41b16ee8141e
R28,54,peripherals.kicad_sch,/f569b0be-0afd-48b7-93ee-28582a4c645c/f57c04fe-502b-4d07-880b-2cf807d3e5a1,antmicroResistors0402:R_0R_0402,R_0R_0402,antmicro-footprints:R_0402_1005Metric,Panasonic,ERJ2GE0R00X,,1efb2596-2af0-4f52-9813-fc5298ca486b
R29,44,dcdc.kicad_sch,/f569b0be-0afd-48b7-93ee-28582a4c645c/24bfa3d1-0a03-41a0-8beb-0ef00bfb4ba3,antmicroResistors0402:R_100k_0402,R_100k_0402,antmicro-footprints:R_0402_1005Metric,Bourns,CR0402-FX-1003GLF,,63a16cac-ad08-4127-90fe-07670a369798
R30,55,dcdc.kicad_sch,/f569b0be-0afd-48b7-93ee-28582a4c645c/24bfa3d1-0a03-41a0-8beb-0ef00bfb4ba3,antmicroResistors0402:R_200k_0402,R_200k_0402,antmicro-footprints:R_0402_1005Metric,Bourns,CR0402-FX-2003GLF,,158263ec-e9fe-4b1c-a385-9d4711226ca9
R31,56,usb_debug_pd.kicad_sch,/f569b0be-0afd-48b7-93ee-28582a4c645c/12c19ba5-8fdc-4775-a33b-e8b1ade01b0a,antmicroResistors0402:R_15k_0402,R_15k_0402,antmicro-footprints:R_0402_1005Metric,Bourns,CR0402-FX-1502GLF,,7370c653-512e-405c-ac85-2cab0bd84495
R32,57,power.kicad_sch,/f569b0be-0afd-48b7-93ee-28582a4c645c/18ddd5dc-52e2-402c-b2e2-8bb33f110eab,antmicroResistors0402:R_200R_0402,R_200R_0402,antmicro-footprints:R_0402_1005Metric,Bourns,CR0402-FX-2000GLF,,6ee1ba01-5fe0-4c96-adb0-4b12a626db19
R35,58,power.kicad_sch,/f569b0be-0afd-48b7-93ee-28582a4c645c/18ddd5dc-52e2-402c-b2e2-8bb33f110eab,antmicroResistors0402:R_470R_0402,R_470R_0402,antmicro-footprints:R_0402_1005Metric,Bourns,CR0402-FX-4700GLF,,5493950a-ee2d-4e04-a106-4db9cd72680e
R37,50,dcdc.kicad_sch,/f569b0be-0afd-48b7-93ee-28582a4c645c/24bfa3d1-0a03-41a0-8beb-0ef00bfb4ba3,antmicroResistors0402:R_499k_0402,R_499k_0402,antmicro-footprints:R_0402_1005Metric,Bourns,CR0402-FX-4993GLF,,0a996825-2759-446d-a269-3620dea0f16e
R39,50,dcdc.kicad_sch,/f569b0be-0afd-48b7-93ee-28582a4c645c/24bfa3d1-0a03-41a0-8beb-0ef00bfb4ba3,antmicroResistors0402:R_499k_0402,R_499k_0402,antmicro-footprints:R_0402_1005Metric,Bourns,CR0402-FX-4993GLF,,730181d4-950a-4ae2-a635-ae0653441f4b
R41,55,dcdc.kicad_sch,/f569b0be-0afd-48b7-93ee-28582a4c645c/24bfa3d1-0a03-41a0-8beb-0ef00bfb4ba3,antmicroResistors0402:R_200k_0402,R_200k_0402,antmicro-footprints:R_0402_1005Metric,Bourns,CR0402-FX-2003GLF,,00e5ffac-5904-4077-b454-ba94b781ffbb
R42,55,dcdc.kicad_sch,/f569b0be-0afd-48b7-93ee-28582a4c645c/24bfa3d1-0a03-41a0-8beb-0ef00bfb4ba3,antmicroResistors0402:R_200k_0402,R_200k_0402,antmicro-footprints:R_0402_1005Metric,Bourns,CR0402-FX-2003GLF,,180bf1ba-706c-4a3c-8633-45f62d00f758
R43,55,dcdc.kicad_sch,/f569b0be-0afd-48b7-93ee-28582a4c645c/24bfa3d1-0a03-41a0-8beb-0ef00bfb4ba3,antmicroResistors0402:R_200k_0402,R_200k_0402,antmicro-footprints:R_0402_1005Metric,Bourns,CR0402-FX-2003GLF,,d499a6a9-0959-4597-bc33-546557bc58d5
R44,54,som_power.kicad_sch,/f569b0be-0afd-48b7-93ee-28582a4c645c/33df10a9-5b30-4fa6-b34e-d62ce1b48c65,antmicroResistors0402:R_0R_0402,R_0R_0402,antmicro-footprints:R_0402_1005Metric,Panasonic,ERJ2GE0R00X,,4e35463f-be67-46e9-9ccd-4170ac160c6b
R45,59,som_power.kicad_sch,/f569b0be-0afd-48b7-93ee-28582a4c645c/33df10a9-5b30-4fa6-b34e-d62ce1b48c65,antmicroResistors0402:R_3k92_0402,R_3k92_0402,antmicro-footprints:R_0402_1005Metric,Bourns,CR0402-FX-3921GLF,,b6b94fbe-700d-4b62-9156-114e0950f3b7
R46,54,usb_hub.kicad_sch,/f569b0be-0afd-48b7-93ee-28582a4c645c/3fd0fbfa-9a42-4c7b-8c1c-08c3e88df372,antmicroResistors0402:R_0R_0402,R_0R_0402,antmicro-footprints:R_0402_1005Metric,Panasonic,ERJ2GE0R00X,,f53782d4-257e-4e1a-ba97-705aa4c05f1a
R47,44,som_power.kicad_sch,/f569b0be-0afd-48b7-93ee-28582a4c645c/33df10a9-5b30-4fa6-b34e-d62ce1b48c65,antmicroResistors0402:R_100k_0402,R_100k_0402,antmicro-footprints:R_0402_1005Metric,Bourns,CR0402-FX-1003GLF,,9725ac00-8de9-4e06-a541-2b1aee4569ac
R48,54,usb_hub.kicad_sch,/f569b0be-0afd-48b7-93ee-28582a4c645c/3fd0fbfa-9a42-4c7b-8c1c-08c3e88df372,antmicroResistors0402:R_0R_0402,R_0R_0402,antmicro-footprints:R_0402_1005Metric,Panasonic,ERJ2GE0R00X,,30c5d8fb-68ee-4c70-a6fa-23fb9fd9e10f
R49,54,expansion_connector.kicad_sch,/f569b0be-0afd-48b7-93ee-28582a4c645c/5fb038ee-4d59-43de-81a4-b4c993aa7149,antmicroResistors0402:R_0R_0402,R_0R_0402,antmicro-footprints:R_0402_1005Metric,Panasonic,ERJ2GE0R00X,,5cca43a9-6629-49ff-bc9a-86106167c5d3
R50,58,som_power.kicad_sch,/f569b0be-0afd-48b7-93ee-28582a4c645c/33df10a9-5b30-4fa6-b34e-d62ce1b48c65,antmicroResistors0402:R_470R_0402,R_470R_0402,antmicro-footprints:R_0402_1005Metric,Bourns,CR0402-FX-4700GLF,,d193ddad-457a-46db-932f-40afe2a5e367
R51,47,power.kicad_sch,/f569b0be-0afd-48b7-93ee-28582a4c645c/18ddd5dc-52e2-402c-b2e2-8bb33f110eab,antmicroResistors0402:R_2k2_0402,R_2k2_0402,antmicro-footprints:R_0402_1005Metric,Bourns,CR0402-FX-2201GLF,,b70a6d48-fdc9-4f6f-842f-a2bd858010c9
R52,60,dcdc.kicad_sch,/f569b0be-0afd-48b7-93ee-28582a4c645c/24bfa3d1-0a03-41a0-8beb-0ef00bfb4ba3,antmicroResistors0402:R_73k2_0402,R_73k2_0402,antmicro-footprints:R_0402_1005Metric,Bourns,CR0402-FX-7322GLF,,6d17c63b-7c31-4579-8d4f-c0d5690ad185
R53,51,dcdc.kicad_sch,/f569b0be-0afd-48b7-93ee-28582a4c645c/24bfa3d1-0a03-41a0-8beb-0ef00bfb4ba3,antmicroResistors0402:R_10k_0402,R_10k_0402,antmicro-footprints:R_0402_1005Metric,Bourns,CR0402-FX-1002GLF,,9d32c9e5-c115-41ab-bef6-e2c88b0cd19f
R54,61,dcdc.kicad_sch,/f569b0be-0afd-48b7-93ee-28582a4c645c/24bfa3d1-0a03-41a0-8beb-0ef00bfb4ba3,antmicroResistors0402:R_45k3_0402,R_45k3_0402,antmicro-footprints:R_0402_1005Metric,Bourns,CR0402-FX-4532GLF,,3de63206-ffcb-4ba1-9c1e-884eba993b35
R55,51,dcdc.kicad_sch,/f569b0be-0afd-48b7-93ee-28582a4c645c/24bfa3d1-0a03-41a0-8beb-0ef00bfb4ba3,antmicroResistors0402:R_10k_0402,R_10k_0402,antmicro-footprints:R_0402_1005Metric,Bourns,CR0402-FX-1002GLF,,70c5d8f1-0fa1-43d7-92c8-503f44e105df
R56,58,som_power.kicad_sch,/f569b0be-0afd-48b7-93ee-28582a4c645c/33df10a9-5b30-4fa6-b34e-d62ce1b48c65,antmicroResistors0402:R_470R_0402,R_470R_0402,antmicro-footprints:R_0402_1005Metric,Bourns,CR0402-FX-4700GLF,,80100595-b1d6-43fb-914f-4bc751a7d6ad
R57,54,usb_hub.kicad_sch,/f569b0be-0afd-48b7-93ee-28582a4c645c/3fd0fbfa-9a42-4c7b-8c1c-08c3e88df372,antmicroResistors0402:R_0R_0402,R_0R_0402,antmicro-footprints:R_0402_1005Metric,Panasonic,ERJ2GE0R00X,,94da32b2-276a-4c9c-9e73-a8ed6096705d
R58,54,usb_hub.kicad_sch,/f569b0be-0afd-48b7-93ee-28582a4c645c/3fd0fbfa-9a42-4c7b-8c1c-08c3e88df372,antmicroResistors0402:R_0R_0402,R_0R_0402,antmicro-footprints:R_0402_1005Metric,Panasonic,ERJ2GE0R00X,,5bd4a57c-4081-4011-a977-7d746adb50ba
R59,58,som_power.kicad_sch,/f569b0be-0afd-48b7-93ee-28582a4c645c/33df10a9-5b30-4fa6-b34e-d62ce1b48c65,antmicroResistors0402:R_470R_0402,R_470R_0402,antmicro-footprints:R_0402_1005Metric,Bourns,CR0402-FX-4700GLF,,277d32c0-e548-448d-8890-336d8b8cde9a
R60,58,som_power.kicad_sch,/f569b0be-0afd-48b7-93ee-28582a4c645c/33df10a9-5b30-4fa6-b34e-d62ce1b48c65,antmicroResistors0402:R_470R_0402,R_470R_0402,antmicro-footprints:R_0402_1005Metric,Bourns,CR0402-FX-4700GLF,,e534aabf-b4ba-43f3-898d-b770b2790c55
R61,58,power.kicad_sch,/f569b0be-0afd-48b7-93ee-28582a4c645c/18ddd5dc-52e2-402c-b2e2-8bb33f110eab,antmicroResistors0402:R_470R_0402,R_470R_0402,antmicro-footprints:R_0402_1005Metric,Bourns,CR0402-FX-4700GLF,,5b8c9684-52bf-4e64-aa26-346471d6151c
R62,54,usb_hub.kicad_sch,/f569b0be-0afd-48b7-93ee-28582a4c645c/3fd0fbfa-9a42-4c7b-8c1c-08c3e88df372,antmicroResistors0402:R_0R_0402,R_0R_0402,antmicro-footprints:R_0402_1005Metric,Panasonic,ERJ2GE0R00X,,674d083a-55f9-421f-ae3d-cf954e307b6f
R63,48,power.kicad_sch,/f569b0be-0afd-48b7-93ee-28582a4c645c/18ddd5dc-52e2-402c-b2e2-8bb33f110eab,antmicroResistors0603:R_0R_22.4A_0603,R_0R_22.4A_0603,antmicro-footprints:R_0603_1608Metric,ROHM Semiconductor,PMR03EZPJ000,,2c5fb4d2-9f2a-403d-9e49-eb7050995db5
R64,58,power.kicad_sch,/f569b0be-0afd-48b7-93ee-28582a4c645c/18ddd5dc-52e2-402c-b2e2-8bb33f110eab,antmicroResistors0402:R_470R_0402,R_470R_0402,antmicro-footprints:R_0402_1005Metric,Bourns,CR0402-FX-4700GLF,,555d08fc-dc28-4c2c-a869-7ce359fc0df3
R65,62,dcdc.kicad_sch,/f569b0be-0afd-48b7-93ee-28582a4c645c/24bfa3d1-0a03-41a0-8beb-0ef00bfb4ba3,antmicroResistorsmisc:R_0R001_0805,R_0R001_0805,antmicro-footprints:R_0805_2012Metric,Eaton,MSMA0805R0010FSM,,8a9d6f28-c281-4d88-aac2-6b8bda750e39
R66,49,usb_hub.kicad_sch,/f569b0be-0afd-48b7-93ee-28582a4c645c/3fd0fbfa-9a42-4c7b-8c1c-08c3e88df372,antmicroResistors0402:R_11k_0402,R_11k_0402,antmicro-footprints:R_0402_1005Metric,Bourns,CR0402-FX-1102GLF,,f7376ba4-63c4-422d-ad6e-61c122f82c65
R67,51,usb_hub.kicad_sch,/f569b0be-0afd-48b7-93ee-28582a4c645c/3fd0fbfa-9a42-4c7b-8c1c-08c3e88df372,antmicroResistors0402:R_10k_0402,R_10k_0402,antmicro-footprints:R_0402_1005Metric,Bourns,CR0402-FX-1002GLF,,5a393e81-7818-4888-8adb-aa7a9e5526ee
R68,51,som_power.kicad_sch,/f569b0be-0afd-48b7-93ee-28582a4c645c/33df10a9-5b30-4fa6-b34e-d62ce1b48c65,antmicroResistors0402:R_10k_0402,R_10k_0402,antmicro-footprints:R_0402_1005Metric,Bourns,CR0402-FX-1002GLF,,37b4365b-be0c-4d9d-84d8-1bbfb6438c93
R69,63,dcdc.kicad_sch,/f569b0be-0afd-48b7-93ee-28582a4c645c/24bfa3d1-0a03-41a0-8beb-0ef00bfb4ba3,antmicroResistors0402:R_255k_0402,R_255k_0402,antmicro-footprints:R_0402_1005Metric,Bourns,CR0402-FX-2553GLF,,305c1825-bdb6-40fe-891f-54562eaf5418
R70,51,dcdc.kicad_sch,/f569b0be-0afd-48b7-93ee-28582a4c645c/24bfa3d1-0a03-41a0-8beb-0ef00bfb4ba3,antmicroResistors0402:R_10k_0402,R_10k_0402,antmicro-footprints:R_0402_1005Metric,Bourns,CR0402-FX-1002GLF,,dd33ac71-bd4c-4a44-824a-a427eb0fd9ae
R72,51,power.kicad_sch,/f569b0be-0afd-48b7-93ee-28582a4c645c/18ddd5dc-52e2-402c-b2e2-8bb33f110eab,antmicroResistors0402:R_10k_0402,R_10k_0402,antmicro-footprints:R_0402_1005Metric,Bourns,CR0402-FX-1002GLF,,33298c39-1334-4243-994a-4c9015b82944
R73,47,usb_hub.kicad_sch,/f569b0be-0afd-48b7-93ee-28582a4c645c/3fd0fbfa-9a42-4c7b-8c1c-08c3e88df372,antmicroResistors0402:R_2k2_0402,R_2k2_0402,antmicro-footprints:R_0402_1005Metric,Bourns,CR0402-FX-2201GLF,,c394590e-1fee-426c-b8eb-32c308cc576f
R74,58,usb_hub.kicad_sch,/f569b0be-0afd-48b7-93ee-28582a4c645c/3fd0fbfa-9a42-4c7b-8c1c-08c3e88df372,antmicroResistors0402:R_470R_0402,R_470R_0402,antmicro-footprints:R_0402_1005Metric,Bourns,CR0402-FX-4700GLF,,4f8c3f7c-286f-4e94-959b-fbff3c2352b6
R75,64,dcdc.kicad_sch,/f569b0be-0afd-48b7-93ee-28582a4c645c/24bfa3d1-0a03-41a0-8beb-0ef00bfb4ba3,antmicroResistors0402:R_49k9_0402,R_49k9_0402,antmicro-footprints:R_0402_1005Metric,Bourns,CR0402-FX-4992GLF,,7297e55c-d60b-436a-a6bf-c598bd9acc74
R76,48,som_power.kicad_sch,/f569b0be-0afd-48b7-93ee-28582a4c645c/33df10a9-5b30-4fa6-b34e-d62ce1b48c65,antmicroResistors0603:R_0R_22.4A_0603,R_0R_22.4A_0603,antmicro-footprints:R_0603_1608Metric,ROHM Semiconductor,PMR03EZPJ000,,c2cfc34d-bea5-4e9c-8dd4-55bfa0feb8ae
R77,62,dcdc.kicad_sch,/f569b0be-0afd-48b7-93ee-28582a4c645c/24bfa3d1-0a03-41a0-8beb-0ef00bfb4ba3,antmicroResistorsmisc:R_0R001_0805,R_0R001_0805,antmicro-footprints:R_0805_2012Metric,Eaton,MSMA0805R0010FSM,,51d6a721-d20a-4f9b-b0ed-5d36a8df137e
R79,57,power.kicad_sch,/f569b0be-0afd-48b7-93ee-28582a4c645c/18ddd5dc-52e2-402c-b2e2-8bb33f110eab,antmicroResistors0402:R_200R_0402,R_200R_0402,antmicro-footprints:R_0402_1005Metric,Bourns,CR0402-FX-2000GLF,,629bb399-9dba-4a32-8864-4e6c349fde63
R80,55,usb_hub.kicad_sch,/f569b0be-0afd-48b7-93ee-28582a4c645c/3fd0fbfa-9a42-4c7b-8c1c-08c3e88df372,antmicroResistors0402:R_200k_0402,R_200k_0402,antmicro-footprints:R_0402_1005Metric,Bourns,CR0402-FX-2003GLF,,1ba0552f-53a9-4af3-8a63-98d7decbcd0b
R81,51,usb_hub.kicad_sch,/f569b0be-0afd-48b7-93ee-28582a4c645c/3fd0fbfa-9a42-4c7b-8c1c-08c3e88df372,antmicroResistors0402:R_10k_0402,R_10k_0402,antmicro-footprints:R_0402_1005Metric,Bourns,CR0402-FX-1002GLF,,5963e453-58da-47c2-a8db-ea193db3b910
R82,64,usb_hub.kicad_sch,/f569b0be-0afd-48b7-93ee-28582a4c645c/3fd0fbfa-9a42-4c7b-8c1c-08c3e88df372,antmicroResistors0402:R_49k9_0402,R_49k9_0402,antmicro-footprints:R_0402_1005Metric,Bourns,CR0402-FX-4992GLF,,2a76b8f8-ea60-405b-b802-5bb528b81e42
R83,51,usb_hub.kicad_sch,/f569b0be-0afd-48b7-93ee-28582a4c645c/3fd0fbfa-9a42-4c7b-8c1c-08c3e88df372,antmicroResistors0402:R_10k_0402,R_10k_0402,antmicro-footprints:R_0402_1005Metric,Bourns,CR0402-FX-1002GLF,,8008f401-7271-444f-99d6-956296455f66
R84,51,power.kicad_sch,/f569b0be-0afd-48b7-93ee-28582a4c645c/18ddd5dc-52e2-402c-b2e2-8bb33f110eab,antmicroResistors0402:R_10k_0402,R_10k_0402,antmicro-footprints:R_0402_1005Metric,Bourns,CR0402-FX-1002GLF,,b8ce13c6-0255-4eb2-89bd-bcc464062a17
R85,53,usb_hub.kicad_sch,/f569b0be-0afd-48b7-93ee-28582a4c645c/3fd0fbfa-9a42-4c7b-8c1c-08c3e88df372,antmicroResistors0402:R_12k_0402,R_12k_0402,antmicro-footprints:R_0402_1005Metric,Bourns,CR0402-FX-1202GLF,,89c03d82-5cb1-4007-9991-0b58964e0473
R86,51,usb_hub.kicad_sch,/f569b0be-0afd-48b7-93ee-28582a4c645c/3fd0fbfa-9a42-4c7b-8c1c-08c3e88df372,antmicroResistors0402:R_10k_0402,R_10k_0402,antmicro-footprints:R_0402_1005Metric,Bourns,CR0402-FX-1002GLF,,ddbca624-e574-4192-b37f-7b0566e53434
R87,51,usb_hub.kicad_sch,/f569b0be-0afd-48b7-93ee-28582a4c645c/3fd0fbfa-9a42-4c7b-8c1c-08c3e88df372,antmicroResistors0402:R_10k_0402,R_10k_0402,antmicro-footprints:R_0402_1005Metric,Bourns,CR0402-FX-1002GLF,,03b96aae-a430-4930-a7a2-84ed961b6e61
R91,55,usb_hub.kicad_sch,/f569b0be-0afd-48b7-93ee-28582a4c645c/3fd0fbfa-9a42-4c7b-8c1c-08c3e88df372,antmicroResistors0402:R_200k_0402,R_200k_0402,antmicro-footprints:R_0402_1005Metric,Bourns,CR0402-FX-2003GLF,,1350dfd3-04f1-49ce-9cc4-5833348f439b
R92,64,usb_hub.kicad_sch,/f569b0be-0afd-48b7-93ee-28582a4c645c/3fd0fbfa-9a42-4c7b-8c1c-08c3e88df372,antmicroResistors0402:R_49k9_0402,R_49k9_0402,antmicro-footprints:R_0402_1005Metric,Bourns,CR0402-FX-4992GLF,,2e863591-41f8-49d2-9fba-06fbda3da1f9
R93,54,usb_debug_pd.kicad_sch,/f569b0be-0afd-48b7-93ee-28582a4c645c/12c19ba5-8fdc-4775-a33b-e8b1ade01b0a,antmicroResistors0402:R_0R_0402,R_0R_0402,antmicro-footprints:R_0402_1005Metric,Panasonic,ERJ2GE0R00X,,dc55a085-f31d-4075-bbe1-db31bc6aef85
R94,65,dcdc.kicad_sch,/f569b0be-0afd-48b7-93ee-28582a4c645c/24bfa3d1-0a03-41a0-8beb-0ef00bfb4ba3,antmicroResistors0402:R_330k_0402,R_330k_0402,antmicro-footprints:R_0402_1005Metric,Bourns,CR0402-FX-3303GLF,,bbdd63fc-a892-4de9-a26b-d0c5102ceec5
R95,44,usb_debug_pd.kicad_sch,/f569b0be-0afd-48b7-93ee-28582a4c645c/12c19ba5-8fdc-4775-a33b-e8b1ade01b0a,antmicroResistors0402:R_100k_0402,R_100k_0402,antmicro-footprints:R_0402_1005Metric,Bourns,CR0402-FX-1003GLF,,fb1027a7-f863-4ee3-9e04-ee98eeca190a
R96,51,usb_debug_pd.kicad_sch,/f569b0be-0afd-48b7-93ee-28582a4c645c/12c19ba5-8fdc-4775-a33b-e8b1ade01b0a,antmicroResistors0402:R_10k_0402,R_10k_0402,antmicro-footprints:R_0402_1005Metric,Bourns,CR0402-FX-1002GLF,,eb7a81ad-d76d-4e6a-afad-a3f40bfe11d9
R97,44,usb_debug_pd.kicad_sch,/f569b0be-0afd-48b7-93ee-28582a4c645c/12c19ba5-8fdc-4775-a33b-e8b1ade01b0a,antmicroResistors0402:R_100k_0402,R_100k_0402,antmicro-footprints:R_0402_1005Metric,Bourns,CR0402-FX-1003GLF,,264b065f-a221-439f-94c0-ec761de3838d
R98,51,usb_debug_pd.kicad_sch,/f569b0be-0afd-48b7-93ee-28582a4c645c/12c19ba5-8fdc-4775-a33b-e8b1ade01b0a,antmicroResistors0402:R_10k_0402,R_10k_0402,antmicro-footprints:R_0402_1005Metric,Bourns,CR0402-FX-1002GLF,,69b4a242-419e-4c21-a2d6-484a99a1fc61
R102,66,som_power.kicad_sch,/f569b0be-0afd-48b7-93ee-28582a4c645c/33df10a9-5b30-4fa6-b34e-d62ce1b48c65,antmicroResistorsmisc:R_220R_1206,R_220R_1206,antmicro-footprints:R_1206_3216Metric,Bourns,CR1206-FX-2200ELF,,ee31357a-e164-4a5b-9183-07b3c1685966
R105,67,usb_debug_pd.kicad_sch,/f569b0be-0afd-48b7-93ee-28582a4c645c/12c19ba5-8fdc-4775-a33b-e8b1ade01b0a,antmicroResistors0402:R_4k7_0402,R_4k7_0402,antmicro-footprints:R_0402_1005Metric,Bourns,CR0402-FX-4701GLF,,3afc849e-f853-40ed-bd31-0d67d665115b
R106,54,usb_debug_pd.kicad_sch,/f569b0be-0afd-48b7-93ee-28582a4c645c/12c19ba5-8fdc-4775-a33b-e8b1ade01b0a,antmicroResistors0402:R_0R_0402,R_0R_0402,antmicro-footprints:R_0402_1005Metric,Panasonic,ERJ2GE0R00X,,5554eef2-09e8-4e84-8279-6fedf9a034fa
R107,67,usb_debug_pd.kicad_sch,/f569b0be-0afd-48b7-93ee-28582a4c645c/12c19ba5-8fdc-4775-a33b-e8b1ade01b0a,antmicroResistors0402:R_4k7_0402,R_4k7_0402,antmicro-footprints:R_0402_1005Metric,Bourns,CR0402-FX-4701GLF,,7a135563-4d5f-4fe7-9110-76ece6ba049d
R108,57,usb_debug_pd.kicad_sch,/f569b0be-0afd-48b7-93ee-28582a4c645c/12c19ba5-8fdc-4775-a33b-e8b1ade01b0a,antmicroResistors0402:R_200R_0402,R_200R_0402,antmicro-footprints:R_0402_1005Metric,Bourns,CR0402-FX-2000GLF,,8198a1dd-a96d-4958-aff0-3913c4e2ce6d
R109,57,usb_debug_pd.kicad_sch,/f569b0be-0afd-48b7-93ee-28582a4c645c/12c19ba5-8fdc-4775-a33b-e8b1ade01b0a,antmicroResistors0402:R_200R_0402,R_200R_0402,antmicro-footprints:R_0402_1005Metric,Bourns,CR0402-FX-2000GLF,,3714add4-eb51-42e1-9180-a1d5ccfae578
R110,54,usb_debug_pd.kicad_sch,/f569b0be-0afd-48b7-93ee-28582a4c645c/12c19ba5-8fdc-4775-a33b-e8b1ade01b0a,antmicroResistors0402:R_0R_0402,R_0R_0402,antmicro-footprints:R_0402_1005Metric,Panasonic,ERJ2GE0R00X,,0527614e-6e7a-40a8-852d-20e0aa9ebe2c
R111,54,usb_debug_pd.kicad_sch,/f569b0be-0afd-48b7-93ee-28582a4c645c/12c19ba5-8fdc-4775-a33b-e8b1ade01b0a,antmicroResistors0402:R_0R_0402,R_0R_0402,antmicro-footprints:R_0402_1005Metric,Panasonic,ERJ2GE0R00X,,3b740cbd-4d2f-4a84-a85e-f880765e2fed
R112,54,usb_debug_pd.kicad_sch,/f569b0be-0afd-48b7-93ee-28582a4c645c/12c19ba5-8fdc-4775-a33b-e8b1ade01b0a,antmicroResistors0402:R_0R_0402,R_0R_0402,antmicro-footprints:R_0402_1005Metric,Panasonic,ERJ2GE0R00X,,aaa92ad9-7962-4336-b725-e19ed3b786ab
R113,68,usb_debug_pd.kicad_sch,/f569b0be-0afd-48b7-93ee-28582a4c645c/12c19ba5-8fdc-4775-a33b-e8b1ade01b0a,antmicroResistors0402:R_1k_0402,R_1k_0402,antmicro-footprints:R_0402_1005Metric,Bourns,CR0402-FX-1001GLF,,6c38e50e-2d65-4775-bab3-2803a00c4f97
R114,68,usb_debug_pd.kicad_sch,/f569b0be-0afd-48b7-93ee-28582a4c645c/12c19ba5-8fdc-4775-a33b-e8b1ade01b0a,antmicroResistors0402:R_1k_0402,R_1k_0402,antmicro-footprints:R_0402_1005Metric,Bourns,CR0402-FX-1001GLF,,44d51b10-d3b7-4afe-8b47-883b2d434847
R115,44,usb_debug_pd.kicad_sch,/f569b0be-0afd-48b7-93ee-28582a4c645c/12c19ba5-8fdc-4775-a33b-e8b1ade01b0a,antmicroResistors0402:R_100k_0402,R_100k_0402,antmicro-footprints:R_0402_1005Metric,Bourns,CR0402-FX-1003GLF,,6cb1a485-fa47-462d-beb3-fb5fd0d5ca14
R116,44,usb_dp.kicad_sch,/f569b0be-0afd-48b7-93ee-28582a4c645c/79924a89-4330-4c0a-9aa5-2a2f90ef321b,antmicroResistors0402:R_100k_0402,R_100k_0402,antmicro-footprints:R_0402_1005Metric,Bourns,CR0402-FX-1003GLF,,96f8e9b6-67f0-42a1-a7b1-e594e611877f
R117,44,usb_dp.kicad_sch,/f569b0be-0afd-48b7-93ee-28582a4c645c/79924a89-4330-4c0a-9aa5-2a2f90ef321b,antmicroResistors0402:R_100k_0402,R_100k_0402,antmicro-footprints:R_0402_1005Metric,Bourns,CR0402-FX-1003GLF,,238d3268-7a33-4c3c-9ccd-1ad2fcbeec22
R118,54,usb_dp.kicad_sch,/f569b0be-0afd-48b7-93ee-28582a4c645c/79924a89-4330-4c0a-9aa5-2a2f90ef321b,antmicroResistors0402:R_0R_0402,R_0R_0402,antmicro-footprints:R_0402_1005Metric,Panasonic,ERJ2GE0R00X,,51ef3c09-5344-480d-a7c7-14095379380b
R119,57,usb_debug_pd.kicad_sch,/f569b0be-0afd-48b7-93ee-28582a4c645c/12c19ba5-8fdc-4775-a33b-e8b1ade01b0a,antmicroResistors0402:R_200R_0402,R_200R_0402,antmicro-footprints:R_0402_1005Metric,Bourns,CR0402-FX-2000GLF,,4cada8cd-eedc-4955-90b6-eb89492bce98
R120,57,usb_debug_pd.kicad_sch,/f569b0be-0afd-48b7-93ee-28582a4c645c/12c19ba5-8fdc-4775-a33b-e8b1ade01b0a,antmicroResistors0402:R_200R_0402,R_200R_0402,antmicro-footprints:R_0402_1005Metric,Bourns,CR0402-FX-2000GLF,,0ede5849-b913-425d-af7f-8b671d1994f5
R123,54,usb_debug_pd.kicad_sch,/f569b0be-0afd-48b7-93ee-28582a4c645c/12c19ba5-8fdc-4775-a33b-e8b1ade01b0a,antmicroResistors0402:R_0R_0402,R_0R_0402,antmicro-footprints:R_0402_1005Metric,Panasonic,ERJ2GE0R00X,,f2e684b1-1b03-44fa-9c63-29c798c72269
R124,54,usb_debug_pd.kicad_sch,/f569b0be-0afd-48b7-93ee-28582a4c645c/12c19ba5-8fdc-4775-a33b-e8b1ade01b0a,antmicroResistors0402:R_0R_0402,R_0R_0402,antmicro-footprints:R_0402_1005Metric,Panasonic,ERJ2GE0R00X,,37a5d059-7303-4763-b79d-2d010da54686
R125,51,dcdc.kicad_sch,/f569b0be-0afd-48b7-93ee-28582a4c645c/24bfa3d1-0a03-41a0-8beb-0ef00bfb4ba3,antmicroResistors0402:R_10k_0402,R_10k_0402,antmicro-footprints:R_0402_1005Metric,Bourns,CR0402-FX-1002GLF,,a0ccc147-badb-42bb-9dc2-4a8bcc6b39b3
R127,51,usb_dp.kicad_sch,/f569b0be-0afd-48b7-93ee-28582a4c645c/79924a89-4330-4c0a-9aa5-2a2f90ef321b,antmicroResistors0402:R_10k_0402,R_10k_0402,antmicro-footprints:R_0402_1005Metric,Bourns,CR0402-FX-1002GLF,,a02c3ea0-1d48-4222-812c-df7f605520f9
R129,68,usb_dp.kicad_sch,/f569b0be-0afd-48b7-93ee-28582a4c645c/79924a89-4330-4c0a-9aa5-2a2f90ef321b,antmicroResistors0402:R_1k_0402,R_1k_0402,antmicro-footprints:R_0402_1005Metric,Bourns,CR0402-FX-1001GLF,,4ac22cf4-7efb-4802-8f87-656bedfa764e
R133,68,usb_dp.kicad_sch,/f569b0be-0afd-48b7-93ee-28582a4c645c/79924a89-4330-4c0a-9aa5-2a2f90ef321b,antmicroResistors0402:R_1k_0402,R_1k_0402,antmicro-footprints:R_0402_1005Metric,Bourns,CR0402-FX-1001GLF,,ed1115c4-198a-4374-9935-be4f55cb993c
R137,68,usb_dp.kicad_sch,/f569b0be-0afd-48b7-93ee-28582a4c645c/79924a89-4330-4c0a-9aa5-2a2f90ef321b,antmicroResistors0402:R_1k_0402,R_1k_0402,antmicro-footprints:R_0402_1005Metric,Bourns,CR0402-FX-1001GLF,,10b8f175-fede-49f0-adbe-b8f5102c230e
R141,68,usb_dp.kicad_sch,/f569b0be-0afd-48b7-93ee-28582a4c645c/79924a89-4330-4c0a-9aa5-2a2f90ef321b,antmicroResistors0402:R_1k_0402,R_1k_0402,antmicro-footprints:R_0402_1005Metric,Bourns,CR0402-FX-1001GLF,,500cad0b-9c2d-4b77-ae6a-3d952279b794
R143,54,usb_dp.kicad_sch,/f569b0be-0afd-48b7-93ee-28582a4c645c/79924a89-4330-4c0a-9aa5-2a2f90ef321b,antmicroResistors0402:R_0R_0402,R_0R_0402,antmicro-footprints:R_0402_1005Metric,Panasonic,ERJ2GE0R00X,,d4561fb9-2f10-4afe-bd1c-2a4e0c07e2f7
R144,51,usb_dp.kicad_sch,/f569b0be-0afd-48b7-93ee-28582a4c645c/79924a89-4330-4c0a-9aa5-2a2f90ef321b,antmicroResistors0402:R_10k_0402,R_10k_0402,antmicro-footprints:R_0402_1005Metric,Bourns,CR0402-FX-1002GLF,,9a8592d5-dc44-4165-a977-001b25b4275c
R145,51,usb_debug_pd.kicad_sch,/f569b0be-0afd-48b7-93ee-28582a4c645c/12c19ba5-8fdc-4775-a33b-e8b1ade01b0a,antmicroResistors0402:R_10k_0402,R_10k_0402,antmicro-footprints:R_0402_1005Metric,Bourns,CR0402-FX-1002GLF,,bed2a2ef-e0d2-4634-9268-ae747c0c777c
R146,47,usb_dp.kicad_sch,/f569b0be-0afd-48b7-93ee-28582a4c645c/79924a89-4330-4c0a-9aa5-2a2f90ef321b,antmicroResistors0402:R_2k2_0402,R_2k2_0402,antmicro-footprints:R_0402_1005Metric,Bourns,CR0402-FX-2201GLF,,5fa3e06c-0bc4-4d7f-9d57-c0adfa8aad94
R147,69,usb_debug_pd.kicad_sch,/f569b0be-0afd-48b7-93ee-28582a4c645c/12c19ba5-8fdc-4775-a33b-e8b1ade01b0a,antmicroResistors0402:R_27R_0402,R_27R_0402,antmicro-footprints:R_0402_1005Metric,Bourns,CR0402-FX-27R0GLF,,65d8e647-ad6e-45d7-8ee9-536668837acf
R148,69,usb_debug_pd.kicad_sch,/f569b0be-0afd-48b7-93ee-28582a4c645c/12c19ba5-8fdc-4775-a33b-e8b1ade01b0a,antmicroResistors0402:R_27R_0402,R_27R_0402,antmicro-footprints:R_0402_1005Metric,Bourns,CR0402-FX-27R0GLF,,251c6af6-6627-4d6a-bd7a-c097e3db3123
R150,51,usb_debug_pd.kicad_sch,/f569b0be-0afd-48b7-93ee-28582a4c645c/12c19ba5-8fdc-4775-a33b-e8b1ade01b0a,antmicroResistors0402:R_10k_0402,R_10k_0402,antmicro-footprints:R_0402_1005Metric,Bourns,CR0402-FX-1002GLF,,cc7bc516-29b9-46bf-b075-2e4e2a3bda36
R151,54,usb_debug_pd.kicad_sch,/f569b0be-0afd-48b7-93ee-28582a4c645c/12c19ba5-8fdc-4775-a33b-e8b1ade01b0a,antmicroResistors0402:R_0R_0402,R_0R_0402,antmicro-footprints:R_0402_1005Metric,Panasonic,ERJ2GE0R00X,,3b906ebc-3fb4-43a2-ba41-c9526fca1eef
R152,51,usb_debug_pd.kicad_sch,/f569b0be-0afd-48b7-93ee-28582a4c645c/12c19ba5-8fdc-4775-a33b-e8b1ade01b0a,antmicroResistors0402:R_10k_0402,R_10k_0402,antmicro-footprints:R_0402_1005Metric,Bourns,CR0402-FX-1002GLF,,f8f5b692-e2a2-459f-a3de-20978a9b963d
R153,47,usb_debug_pd.kicad_sch,/f569b0be-0afd-48b7-93ee-28582a4c645c/12c19ba5-8fdc-4775-a33b-e8b1ade01b0a,antmicroResistors0402:R_2k2_0402,R_2k2_0402,antmicro-footprints:R_0402_1005Metric,Bourns,CR0402-FX-2201GLF,,e9a50c97-4e81-464d-a957-52e5be0fb4ba
R154,70,usb_dp.kicad_sch,/f569b0be-0afd-48b7-93ee-28582a4c645c/79924a89-4330-4c0a-9aa5-2a2f90ef321b,antmicroResistors0402:R_2M_0402,R_2M_0402,antmicro-footprints:R_0402_1005Metric,YAGEO,RC0402FR-072ML,,7fab0197-6b22-4c9e-be8c-9ce6596bbbaf
R155,70,usb_dp.kicad_sch,/f569b0be-0afd-48b7-93ee-28582a4c645c/79924a89-4330-4c0a-9aa5-2a2f90ef321b,antmicroResistors0402:R_2M_0402,R_2M_0402,antmicro-footprints:R_0402_1005Metric,YAGEO,RC0402FR-072ML,,54d5150b-3003-46bb-9917-7672b5ff7454
R156,58,usb_debug_pd.kicad_sch,/f569b0be-0afd-48b7-93ee-28582a4c645c/12c19ba5-8fdc-4775-a33b-e8b1ade01b0a,antmicroResistors0402:R_470R_0402,R_470R_0402,antmicro-footprints:R_0402_1005Metric,Bourns,CR0402-FX-4700GLF,,2b344bb7-b25a-486d-9b43-a371aee9574a
R157,67,usb_dp.kicad_sch,/f569b0be-0afd-48b7-93ee-28582a4c645c/79924a89-4330-4c0a-9aa5-2a2f90ef321b,antmicroResistors0402:R_4k7_0402,R_4k7_0402,antmicro-footprints:R_0402_1005Metric,Bourns,CR0402-FX-4701GLF,,68370a30-d6d6-40b7-9726-30358622e984
R158,54,csi.kicad_sch,/f569b0be-0afd-48b7-93ee-28582a4c645c/5735e52d-0a61-43fd-a7c9-5087dffafe64,antmicroResistors0402:R_0R_0402,R_0R_0402,antmicro-footprints:R_0402_1005Metric,Panasonic,ERJ2GE0R00X,,dd976e49-6679-46e8-98ee-edd7bb4b12a8
R160,54,csi.kicad_sch,/f569b0be-0afd-48b7-93ee-28582a4c645c/5735e52d-0a61-43fd-a7c9-5087dffafe64,antmicroResistors0402:R_0R_0402,R_0R_0402,antmicro-footprints:R_0402_1005Metric,Panasonic,ERJ2GE0R00X,,f158660a-4398-4119-9c53-ea5219736b71
R162,54,csi.kicad_sch,/f569b0be-0afd-48b7-93ee-28582a4c645c/5735e52d-0a61-43fd-a7c9-5087dffafe64,antmicroResistors0402:R_0R_0402,R_0R_0402,antmicro-footprints:R_0402_1005Metric,Panasonic,ERJ2GE0R00X,,b1ac3c17-8d59-401f-9a80-d0505e7c1a86
R163,54,csi.kicad_sch,/f569b0be-0afd-48b7-93ee-28582a4c645c/5735e52d-0a61-43fd-a7c9-5087dffafe64,antmicroResistors0402:R_0R_0402,R_0R_0402,antmicro-footprints:R_0402_1005Metric,Panasonic,ERJ2GE0R00X,,2d9330ed-d9bd-4f06-a59c-9ba7327c9eeb
R164,47,csi.kicad_sch,/f569b0be-0afd-48b7-93ee-28582a4c645c/5735e52d-0a61-43fd-a7c9-5087dffafe64,antmicroResistors0402:R_2k2_0402,R_2k2_0402,antmicro-footprints:R_0402_1005Metric,Bourns,CR0402-FX-2201GLF,,cbdbb468-977c-4144-a394-e0feb5af9e5f
R166,44,csi.kicad_sch,/f569b0be-0afd-48b7-93ee-28582a4c645c/5735e52d-0a61-43fd-a7c9-5087dffafe64,antmicroResistors0402:R_100k_0402,R_100k_0402,antmicro-footprints:R_0402_1005Metric,Bourns,CR0402-FX-1003GLF,,3e40eb19-c18c-4971-9fe9-c960ff90cfed
R167,51,csi.kicad_sch,/f569b0be-0afd-48b7-93ee-28582a4c645c/5735e52d-0a61-43fd-a7c9-5087dffafe64,antmicroResistors0402:R_10k_0402,R_10k_0402,antmicro-footprints:R_0402_1005Metric,Bourns,CR0402-FX-1002GLF,,b06f9ad0-35b4-4662-91db-7803215e97cb
R168,51,csi.kicad_sch,/f569b0be-0afd-48b7-93ee-28582a4c645c/5735e52d-0a61-43fd-a7c9-5087dffafe64,antmicroResistors0402:R_10k_0402,R_10k_0402,antmicro-footprints:R_0402_1005Metric,Bourns,CR0402-FX-1002GLF,,2fdeb956-3aea-4210-9946-181b201febb3
R169,54,csi.kicad_sch,/f569b0be-0afd-48b7-93ee-28582a4c645c/5735e52d-0a61-43fd-a7c9-5087dffafe64,antmicroResistors0402:R_0R_0402,R_0R_0402,antmicro-footprints:R_0402_1005Metric,Panasonic,ERJ2GE0R00X,,2c8cf3ad-9ff4-41b1-93a5-8af6a3878798
R171,47,csi.kicad_sch,/f569b0be-0afd-48b7-93ee-28582a4c645c/5735e52d-0a61-43fd-a7c9-5087dffafe64,antmicroResistors0402:R_2k2_0402,R_2k2_0402,antmicro-footprints:R_0402_1005Metric,Bourns,CR0402-FX-2201GLF,,df8a4455-6ff3-40f5-a5a4-4c845c0cf2db
R172,67,csi.kicad_sch,/f569b0be-0afd-48b7-93ee-28582a4c645c/5735e52d-0a61-43fd-a7c9-5087dffafe64,antmicroResistors0402:R_4k7_0402,R_4k7_0402,antmicro-footprints:R_0402_1005Metric,Bourns,CR0402-FX-4701GLF,,1ec6352f-4210-4c4e-b2d1-1ee96f374fe6
R173,67,csi.kicad_sch,/f569b0be-0afd-48b7-93ee-28582a4c645c/5735e52d-0a61-43fd-a7c9-5087dffafe64,antmicroResistors0402:R_4k7_0402,R_4k7_0402,antmicro-footprints:R_0402_1005Metric,Bourns,CR0402-FX-4701GLF,,d83de190-6936-40eb-b52c-6eb1550f6931
R175,44,csi.kicad_sch,/f569b0be-0afd-48b7-93ee-28582a4c645c/5735e52d-0a61-43fd-a7c9-5087dffafe64,antmicroResistors0402:R_100k_0402,R_100k_0402,antmicro-footprints:R_0402_1005Metric,Bourns,CR0402-FX-1003GLF,,ac8eac40-a409-4bfe-adda-8c0195183bae
R176,51,csi.kicad_sch,/f569b0be-0afd-48b7-93ee-28582a4c645c/5735e52d-0a61-43fd-a7c9-5087dffafe64,antmicroResistors0402:R_10k_0402,R_10k_0402,antmicro-footprints:R_0402_1005Metric,Bourns,CR0402-FX-1002GLF,,3879e364-d23b-4782-a401-d751cffa5b65
R177,57,csi.kicad_sch,/f569b0be-0afd-48b7-93ee-28582a4c645c/5735e52d-0a61-43fd-a7c9-5087dffafe64,antmicroResistors0402:R_200R_0402,R_200R_0402,antmicro-footprints:R_0402_1005Metric,Bourns,CR0402-FX-2000GLF,,d44ff52b-f785-4f4d-9ba6-5bf01bc516c2
R178,58,csi.kicad_sch,/f569b0be-0afd-48b7-93ee-28582a4c645c/5735e52d-0a61-43fd-a7c9-5087dffafe64,antmicroResistors0402:R_470R_0402,R_470R_0402,antmicro-footprints:R_0402_1005Metric,Bourns,CR0402-FX-4700GLF,,9ea4b6ed-f02e-40b8-bac3-36d087398a9a
R179,67,csi.kicad_sch,/f569b0be-0afd-48b7-93ee-28582a4c645c/5735e52d-0a61-43fd-a7c9-5087dffafe64,antmicroResistors0402:R_4k7_0402,R_4k7_0402,antmicro-footprints:R_0402_1005Metric,Bourns,CR0402-FX-4701GLF,,eb1a5931-620f-47d6-9d8f-e898008fe5b1
R180,67,csi.kicad_sch,/f569b0be-0afd-48b7-93ee-28582a4c645c/5735e52d-0a61-43fd-a7c9-5087dffafe64,antmicroResistors0402:R_4k7_0402,R_4k7_0402,antmicro-footprints:R_0402_1005Metric,Bourns,CR0402-FX-4701GLF,,f91e3fb1-6998-4199-9fd1-336dc286b522
R181,54,csi.kicad_sch,/f569b0be-0afd-48b7-93ee-28582a4c645c/5735e52d-0a61-43fd-a7c9-5087dffafe64,antmicroResistors0402:R_0R_0402,R_0R_0402,antmicro-footprints:R_0402_1005Metric,Panasonic,ERJ2GE0R00X,,a193f077-c7b6-4e0f-9cd2-cea38762170a
R182,57,csi.kicad_sch,/f569b0be-0afd-48b7-93ee-28582a4c645c/5735e52d-0a61-43fd-a7c9-5087dffafe64,antmicroResistors0402:R_200R_0402,R_200R_0402,antmicro-footprints:R_0402_1005Metric,Bourns,CR0402-FX-2000GLF,,ef8e4fe6-9b6a-4b12-bac3-873249410987
R183,58,csi.kicad_sch,/f569b0be-0afd-48b7-93ee-28582a4c645c/5735e52d-0a61-43fd-a7c9-5087dffafe64,antmicroResistors0402:R_470R_0402,R_470R_0402,antmicro-footprints:R_0402_1005Metric,Bourns,CR0402-FX-4700GLF,,9b2b3545-cb59-405b-a086-7af2619594dd
R184,54,csi.kicad_sch,/f569b0be-0afd-48b7-93ee-28582a4c645c/5735e52d-0a61-43fd-a7c9-5087dffafe64,antmicroResistors0402:R_0R_0402,R_0R_0402,antmicro-footprints:R_0402_1005Metric,Panasonic,ERJ2GE0R00X,,8e62e9c3-89c5-4586-89b3-0f83f7c910a1
R185,54,sfp.kicad_sch,/f569b0be-0afd-48b7-93ee-28582a4c645c/a94d9c53-c5ac-439c-b57f-c8751a5ad590,antmicroResistors0402:R_0R_0402,R_0R_0402,antmicro-footprints:R_0402_1005Metric,Panasonic,ERJ2GE0R00X,,e71e557f-f8e5-4105-932d-05b4262fbcc5
R186,54,sfp.kicad_sch,/f569b0be-0afd-48b7-93ee-28582a4c645c/a94d9c53-c5ac-439c-b57f-c8751a5ad590,antmicroResistors0402:R_0R_0402,R_0R_0402,antmicro-footprints:R_0402_1005Metric,Panasonic,ERJ2GE0R00X,,82a13f3f-d291-40f6-bfe2-8c219211f5f5
R187,54,sfp.kicad_sch,/f569b0be-0afd-48b7-93ee-28582a4c645c/a94d9c53-c5ac-439c-b57f-c8751a5ad590,antmicroResistors0402:R_0R_0402,R_0R_0402,antmicro-footprints:R_0402_1005Metric,Panasonic,ERJ2GE0R00X,,7c75938c-a298-43a1-a031-11b422fdaa46
R188,68,sfp.kicad_sch,/f569b0be-0afd-48b7-93ee-28582a4c645c/a94d9c53-c5ac-439c-b57f-c8751a5ad590,antmicroResistors0402:R_1k_0402,R_1k_0402,antmicro-footprints:R_0402_1005Metric,Bourns,CR0402-FX-1001GLF,,a0ad234f-20a6-43d8-b8e5-de2e01d1c547
R189,68,sfp.kicad_sch,/f569b0be-0afd-48b7-93ee-28582a4c645c/a94d9c53-c5ac-439c-b57f-c8751a5ad590,antmicroResistors0402:R_1k_0402,R_1k_0402,antmicro-footprints:R_0402_1005Metric,Bourns,CR0402-FX-1001GLF,,00088bc3-911f-41f7-a662-7d2f4e4d399e
R190,45,som_io2.kicad_sch,/f569b0be-0afd-48b7-93ee-28582a4c645c/656db8bb-c788-4c93-9592-ce18fa1a48a2,antmicroResistors0402:R_33R_0402,R_33R_0402,antmicro-footprints:R_0402_1005Metric,Bourns,CR0402-FX-33R0GLF,,cbd5bc6b-48c7-4350-be5c-7f5da115b9a8
R191,46,som_io2.kicad_sch,/f569b0be-0afd-48b7-93ee-28582a4c645c/656db8bb-c788-4c93-9592-ce18fa1a48a2,antmicroResistors0402:R_49R9_0402,R_49R9_0402,antmicro-footprints:R_0402_1005Metric,Bourns,CR0402-FX-49R9GLF,,c518c061-e60b-422c-ae3b-ae6af4b9d6fc
R192,68,sfp.kicad_sch,/f569b0be-0afd-48b7-93ee-28582a4c645c/a94d9c53-c5ac-439c-b57f-c8751a5ad590,antmicroResistors0402:R_1k_0402,R_1k_0402,antmicro-footprints:R_0402_1005Metric,Bourns,CR0402-FX-1001GLF,,acff79f0-7cce-41ff-ae67-947e04eded8a
R193,46,som_io2.kicad_sch,/f569b0be-0afd-48b7-93ee-28582a4c645c/656db8bb-c788-4c93-9592-ce18fa1a48a2,antmicroResistors0402:R_49R9_0402,R_49R9_0402,antmicro-footprints:R_0402_1005Metric,Bourns,CR0402-FX-49R9GLF,,99b9b9ed-dd18-48f2-93b1-358550f5309c
R194,44,usb_hub.kicad_sch,/f569b0be-0afd-48b7-93ee-28582a4c645c/3fd0fbfa-9a42-4c7b-8c1c-08c3e88df372,antmicroResistors0402:R_100k_0402,R_100k_0402,antmicro-footprints:R_0402_1005Metric,Bourns,CR0402-FX-1003GLF,,e009bf41-6204-4def-b322-6f5e213ebc14
R197,68,sfp.kicad_sch,/f569b0be-0afd-48b7-93ee-28582a4c645c/a94d9c53-c5ac-439c-b57f-c8751a5ad590,antmicroResistors0402:R_1k_0402,R_1k_0402,antmicro-footprints:R_0402_1005Metric,Bourns,CR0402-FX-1001GLF,,196a6c4f-3caf-4d62-9b62-c490bf1f2b1e
R198,54,sfp.kicad_sch,/f569b0be-0afd-48b7-93ee-28582a4c645c/a94d9c53-c5ac-439c-b57f-c8751a5ad590,antmicroResistors0402:R_0R_0402,R_0R_0402,antmicro-footprints:R_0402_1005Metric,Panasonic,ERJ2GE0R00X,,f6f1c666-d238-4228-96ce-b1827a4857ab
R199,54,sfp.kicad_sch,/f569b0be-0afd-48b7-93ee-28582a4c645c/a94d9c53-c5ac-439c-b57f-c8751a5ad590,antmicroResistors0402:R_0R_0402,R_0R_0402,antmicro-footprints:R_0402_1005Metric,Panasonic,ERJ2GE0R00X,,5af5a1c3-19bb-48cb-bc5f-fee449697437
R200,71,sfp.kicad_sch,/f569b0be-0afd-48b7-93ee-28582a4c645c/a94d9c53-c5ac-439c-b57f-c8751a5ad590,antmicroResistors0402:R_330R_0402,R_330R_0402,antmicro-footprints:R_0402_1005Metric,Bourns,CR0402-FX-3300GLF,,789942db-5b1b-42d1-9c9c-20af4d43d3c6
R201,54,som_io2.kicad_sch,/f569b0be-0afd-48b7-93ee-28582a4c645c/656db8bb-c788-4c93-9592-ce18fa1a48a2,antmicroResistors0402:R_0R_0402,R_0R_0402,antmicro-footprints:R_0402_1005Metric,Panasonic,ERJ2GE0R00X,,1b970c55-a17a-4853-8291-1597347d32b8
R202,54,som_io2.kicad_sch,/f569b0be-0afd-48b7-93ee-28582a4c645c/656db8bb-c788-4c93-9592-ce18fa1a48a2,antmicroResistors0402:R_0R_0402,R_0R_0402,antmicro-footprints:R_0402_1005Metric,Panasonic,ERJ2GE0R00X,,8808413e-cc77-4d29-827f-267d685aa9a4
R203,72,m2.kicad_sch,/f569b0be-0afd-48b7-93ee-28582a4c645c/456a2f48-4934-4d0e-aaf0-f39b01ccc0c1,antmicroResistors0402:R_47k_0402,R_47k_0402,antmicro-footprints:R_0402_1005Metric,Bourns,CR0402-FX-4702GLF,,0e983999-db5c-4219-89d1-8732be8d0dff
R204,57,sfp.kicad_sch,/f569b0be-0afd-48b7-93ee-28582a4c645c/a94d9c53-c5ac-439c-b57f-c8751a5ad590,antmicroResistors0402:R_200R_0402,R_200R_0402,antmicro-footprints:R_0402_1005Metric,Bourns,CR0402-FX-2000GLF,,4182ae34-bfe6-4d52-b0f1-ee6e508a2a2c
R205,57,sfp.kicad_sch,/f569b0be-0afd-48b7-93ee-28582a4c645c/a94d9c53-c5ac-439c-b57f-c8751a5ad590,antmicroResistors0402:R_200R_0402,R_200R_0402,antmicro-footprints:R_0402_1005Metric,Bourns,CR0402-FX-2000GLF,,73194d5a-71a5-4f9d-9740-6128cea9ff4e
R206,54,m2.kicad_sch,/f569b0be-0afd-48b7-93ee-28582a4c645c/456a2f48-4934-4d0e-aaf0-f39b01ccc0c1,antmicroResistors0402:R_0R_0402,R_0R_0402,antmicro-footprints:R_0402_1005Metric,Panasonic,ERJ2GE0R00X,,7e170ffa-5037-4fe2-ae74-9cf12d3f3fce
R207,54,m2.kicad_sch,/f569b0be-0afd-48b7-93ee-28582a4c645c/456a2f48-4934-4d0e-aaf0-f39b01ccc0c1,antmicroResistors0402:R_0R_0402,R_0R_0402,antmicro-footprints:R_0402_1005Metric,Panasonic,ERJ2GE0R00X,,9d27d4e8-825f-442f-8da6-6b63b609d576
R208,54,m2.kicad_sch,/f569b0be-0afd-48b7-93ee-28582a4c645c/456a2f48-4934-4d0e-aaf0-f39b01ccc0c1,antmicroResistors0402:R_0R_0402,R_0R_0402,antmicro-footprints:R_0402_1005Metric,Panasonic,ERJ2GE0R00X,,780b5300-d4a8-4aae-92d4-a6f310ee75c2
R211,57,m2.kicad_sch,/f569b0be-0afd-48b7-93ee-28582a4c645c/456a2f48-4934-4d0e-aaf0-f39b01ccc0c1,antmicroResistors0402:R_200R_0402,R_200R_0402,antmicro-footprints:R_0402_1005Metric,Bourns,CR0402-FX-2000GLF,,1e919a8e-df26-4bfd-a4b9-8bffc33bfd57
R212,54,m2.kicad_sch,/f569b0be-0afd-48b7-93ee-28582a4c645c/456a2f48-4934-4d0e-aaf0-f39b01ccc0c1,antmicroResistors0402:R_0R_0402,R_0R_0402,antmicro-footprints:R_0402_1005Metric,Panasonic,ERJ2GE0R00X,,9ed17989-196b-4b06-ab75-c836fcf0c66a
R213,48,m2.kicad_sch,/f569b0be-0afd-48b7-93ee-28582a4c645c/456a2f48-4934-4d0e-aaf0-f39b01ccc0c1,antmicroResistors0603:R_0R_22.4A_0603,R_0R_22.4A_0603,antmicro-footprints:R_0603_1608Metric,ROHM Semiconductor,PMR03EZPJ000,,836d8402-a025-4317-bd3c-4561d79c3c4b
R214,54,m2.kicad_sch,/f569b0be-0afd-48b7-93ee-28582a4c645c/456a2f48-4934-4d0e-aaf0-f39b01ccc0c1,antmicroResistors0402:R_0R_0402,R_0R_0402,antmicro-footprints:R_0402_1005Metric,Panasonic,ERJ2GE0R00X,,5735c2c8-7653-4d06-9320-3c337175edb1
R215,54,m2.kicad_sch,/f569b0be-0afd-48b7-93ee-28582a4c645c/456a2f48-4934-4d0e-aaf0-f39b01ccc0c1,antmicroResistors0402:R_0R_0402,R_0R_0402,antmicro-footprints:R_0402_1005Metric,Panasonic,ERJ2GE0R00X,,5ccd05b2-8c6c-4917-b344-bef61d107eb2
R216,54,m2.kicad_sch,/f569b0be-0afd-48b7-93ee-28582a4c645c/456a2f48-4934-4d0e-aaf0-f39b01ccc0c1,antmicroResistors0402:R_0R_0402,R_0R_0402,antmicro-footprints:R_0402_1005Metric,Panasonic,ERJ2GE0R00X,,a839ad70-6b02-46e1-a03d-8651420544f0
R217,54,dcdc.kicad_sch,/f569b0be-0afd-48b7-93ee-28582a4c645c/24bfa3d1-0a03-41a0-8beb-0ef00bfb4ba3,antmicroResistors0402:R_0R_0402,R_0R_0402,antmicro-footprints:R_0402_1005Metric,Panasonic,ERJ2GE0R00X,,f1a3eefa-9c69-4f9e-a0cc-903c2ae22623
R218,54,m2.kicad_sch,/f569b0be-0afd-48b7-93ee-28582a4c645c/456a2f48-4934-4d0e-aaf0-f39b01ccc0c1,antmicroResistors0402:R_0R_0402,R_0R_0402,antmicro-footprints:R_0402_1005Metric,Panasonic,ERJ2GE0R00X,,44424ea8-8197-415a-b71f-b217232bffe5
R219,54,m2.kicad_sch,/f569b0be-0afd-48b7-93ee-28582a4c645c/456a2f48-4934-4d0e-aaf0-f39b01ccc0c1,antmicroResistors0402:R_0R_0402,R_0R_0402,antmicro-footprints:R_0402_1005Metric,Panasonic,ERJ2GE0R00X,,e3e7df4f-cf36-4e1c-827e-b954c13bdb3d
R220,72,m2.kicad_sch,/f569b0be-0afd-48b7-93ee-28582a4c645c/456a2f48-4934-4d0e-aaf0-f39b01ccc0c1,antmicroResistors0402:R_47k_0402,R_47k_0402,antmicro-footprints:R_0402_1005Metric,Bourns,CR0402-FX-4702GLF,,8f4b22a5-c736-4e3e-baa9-f3a0bcf9d4ec
R221,57,m2.kicad_sch,/f569b0be-0afd-48b7-93ee-28582a4c645c/456a2f48-4934-4d0e-aaf0-f39b01ccc0c1,antmicroResistors0402:R_200R_0402,R_200R_0402,antmicro-footprints:R_0402_1005Metric,Bourns,CR0402-FX-2000GLF,,51475cf4-ba4f-4a9a-9e01-1e71e100709a
R222,57,m2.kicad_sch,/f569b0be-0afd-48b7-93ee-28582a4c645c/456a2f48-4934-4d0e-aaf0-f39b01ccc0c1,antmicroResistors0402:R_200R_0402,R_200R_0402,antmicro-footprints:R_0402_1005Metric,Bourns,CR0402-FX-2000GLF,,1acc7826-b708-42c8-995f-ee057ae42d5c
R223,54,m2.kicad_sch,/f569b0be-0afd-48b7-93ee-28582a4c645c/456a2f48-4934-4d0e-aaf0-f39b01ccc0c1,antmicroResistors0402:R_0R_0402,R_0R_0402,antmicro-footprints:R_0402_1005Metric,Panasonic,ERJ2GE0R00X,,f5a89fcd-a2ab-42d6-991a-70f83678059a
R224,51,som_power.kicad_sch,/f569b0be-0afd-48b7-93ee-28582a4c645c/33df10a9-5b30-4fa6-b34e-d62ce1b48c65,antmicroResistors0402:R_10k_0402,R_10k_0402,antmicro-footprints:R_0402_1005Metric,Bourns,CR0402-FX-1002GLF,,c0c0424d-1f40-4892-899b-9279ffdb8750
R225,67,usb_debug_pd.kicad_sch,/f569b0be-0afd-48b7-93ee-28582a4c645c/12c19ba5-8fdc-4775-a33b-e8b1ade01b0a,antmicroResistors0402:R_4k7_0402,R_4k7_0402,antmicro-footprints:R_0402_1005Metric,Bourns,CR0402-FX-4701GLF,,35b7b79d-913a-4e45-81fb-36b31587bd3f
R226,54,m2.kicad_sch,/f569b0be-0afd-48b7-93ee-28582a4c645c/456a2f48-4934-4d0e-aaf0-f39b01ccc0c1,antmicroResistors0402:R_0R_0402,R_0R_0402,antmicro-footprints:R_0402_1005Metric,Panasonic,ERJ2GE0R00X,,be244286-fcf0-4dc6-9fa2-d0a97d609369
R227,54,usb_dp.kicad_sch,/f569b0be-0afd-48b7-93ee-28582a4c645c/79924a89-4330-4c0a-9aa5-2a2f90ef321b,antmicroResistors0402:R_0R_0402,R_0R_0402,antmicro-footprints:R_0402_1005Metric,Panasonic,ERJ2GE0R00X,,5716a3e3-836a-4c00-9d27-3082b359d605
R229,44,peripherals.kicad_sch,/f569b0be-0afd-48b7-93ee-28582a4c645c/f57c04fe-502b-4d07-880b-2cf807d3e5a1,antmicroResistors0402:R_100k_0402,R_100k_0402,antmicro-footprints:R_0402_1005Metric,Bourns,CR0402-FX-1003GLF,,35074224-5d10-4152-a4a5-18747adccccc
R230,51,peripherals.kicad_sch,/f569b0be-0afd-48b7-93ee-28582a4c645c/f57c04fe-502b-4d07-880b-2cf807d3e5a1,antmicroResistors0402:R_10k_0402,R_10k_0402,antmicro-footprints:R_0402_1005Metric,Bourns,CR0402-FX-1002GLF,,b178d760-935f-4de4-8d71-0569ff675883
R231,57,peripherals.kicad_sch,/f569b0be-0afd-48b7-93ee-28582a4c645c/f57c04fe-502b-4d07-880b-2cf807d3e5a1,antmicroResistors0402:R_200R_0402,R_200R_0402,antmicro-footprints:R_0402_1005Metric,Bourns,CR0402-FX-2000GLF,,a04014e0-d979-4a4e-9f9b-54d59704ce02
R232,51,peripherals.kicad_sch,/f569b0be-0afd-48b7-93ee-28582a4c645c/f57c04fe-502b-4d07-880b-2cf807d3e5a1,antmicroResistors0402:R_10k_0402,R_10k_0402,antmicro-footprints:R_0402_1005Metric,Bourns,CR0402-FX-1002GLF,,a22551e9-c199-4e4d-be1f-dc7ed6ff853c
R233,44,peripherals.kicad_sch,/f569b0be-0afd-48b7-93ee-28582a4c645c/f57c04fe-502b-4d07-880b-2cf807d3e5a1,antmicroResistors0402:R_100k_0402,R_100k_0402,antmicro-footprints:R_0402_1005Metric,Bourns,CR0402-FX-1003GLF,,6d48400b-0f63-498d-8e28-603ebcfe4c0d
R234,57,peripherals.kicad_sch,/f569b0be-0afd-48b7-93ee-28582a4c645c/f57c04fe-502b-4d07-880b-2cf807d3e5a1,antmicroResistors0402:R_200R_0402,R_200R_0402,antmicro-footprints:R_0402_1005Metric,Bourns,CR0402-FX-2000GLF,,59da45ac-c6d6-492c-9a5b-0f5cf5ac73e4
R235,51,peripherals.kicad_sch,/f569b0be-0afd-48b7-93ee-28582a4c645c/f57c04fe-502b-4d07-880b-2cf807d3e5a1,antmicroResistors0402:R_10k_0402,R_10k_0402,antmicro-footprints:R_0402_1005Metric,Bourns,CR0402-FX-1002GLF,,74a9a326-0c9a-444f-822a-6ebb7de10238
R237,51,peripherals.kicad_sch,/f569b0be-0afd-48b7-93ee-28582a4c645c/f57c04fe-502b-4d07-880b-2cf807d3e5a1,antmicroResistors0402:R_10k_0402,R_10k_0402,antmicro-footprints:R_0402_1005Metric,Bourns,CR0402-FX-1002GLF,,24c9ba11-33b7-4ba7-b53f-877e69f403dd
R238,51,peripherals.kicad_sch,/f569b0be-0afd-48b7-93ee-28582a4c645c/f57c04fe-502b-4d07-880b-2cf807d3e5a1,antmicroResistors0402:R_10k_0402,R_10k_0402,antmicro-footprints:R_0402_1005Metric,Bourns,CR0402-FX-1002GLF,,77d19124-cdbd-4525-970c-6ff4fd992673
R239,44,usb_hub.kicad_sch,/f569b0be-0afd-48b7-93ee-28582a4c645c/3fd0fbfa-9a42-4c7b-8c1c-08c3e88df372,antmicroResistors0402:R_100k_0402,R_100k_0402,antmicro-footprints:R_0402_1005Metric,Bourns,CR0402-FX-1003GLF,,2a880010-77a5-4702-8796-be6b032cf191
R240,58,power.kicad_sch,/f569b0be-0afd-48b7-93ee-28582a4c645c/18ddd5dc-52e2-402c-b2e2-8bb33f110eab,antmicroResistors0402:R_470R_0402,R_470R_0402,antmicro-footprints:R_0402_1005Metric,Bourns,CR0402-FX-4700GLF,,72602a52-9818-49e4-8df6-a80be893b472
R241,51,peripherals.kicad_sch,/f569b0be-0afd-48b7-93ee-28582a4c645c/f57c04fe-502b-4d07-880b-2cf807d3e5a1,antmicroResistors0402:R_10k_0402,R_10k_0402,antmicro-footprints:R_0402_1005Metric,Bourns,CR0402-FX-1002GLF,,6643ea46-0dcb-49c4-8578-58137ce03130
R242,57,peripherals.kicad_sch,/f569b0be-0afd-48b7-93ee-28582a4c645c/f57c04fe-502b-4d07-880b-2cf807d3e5a1,antmicroResistors0402:R_200R_0402,R_200R_0402,antmicro-footprints:R_0402_1005Metric,Bourns,CR0402-FX-2000GLF,,22c14574-bb3d-4710-94ce-df173c972f38
R243,51,peripherals.kicad_sch,/f569b0be-0afd-48b7-93ee-28582a4c645c/f57c04fe-502b-4d07-880b-2cf807d3e5a1,antmicroResistors0402:R_10k_0402,R_10k_0402,antmicro-footprints:R_0402_1005Metric,Bourns,CR0402-FX-1002GLF,,21b327c8-feb5-471a-bc68-034a584c6129
R245,51,peripherals.kicad_sch,/f569b0be-0afd-48b7-93ee-28582a4c645c/f57c04fe-502b-4d07-880b-2cf807d3e5a1,antmicroResistors0402:R_10k_0402,R_10k_0402,antmicro-footprints:R_0402_1005Metric,Bourns,CR0402-FX-1002GLF,,1c5b026c-0d5b-469f-b48b-3f3411f5ae4e
R246,57,peripherals.kicad_sch,/f569b0be-0afd-48b7-93ee-28582a4c645c/f57c04fe-502b-4d07-880b-2cf807d3e5a1,antmicroResistors0402:R_200R_0402,R_200R_0402,antmicro-footprints:R_0402_1005Metric,Bourns,CR0402-FX-2000GLF,,e4c05b0a-9cf0-4a6f-9da6-cad3ec3b3e7e
R251,73,dcdc.kicad_sch,/f569b0be-0afd-48b7-93ee-28582a4c645c/24bfa3d1-0a03-41a0-8beb-0ef00bfb4ba3,antmicroResistors0402:R_2k37_0402,R_2k37_0402,antmicro-footprints:R_0402_1005Metric,Bourns,CR0402-FX-2371GLF,,0e191698-bf72-46ec-a700-30e8dd4bf074
R255,55,recovery_usb.kicad_sch,/f569b0be-0afd-48b7-93ee-28582a4c645c/ee0c56cd-dc85-44e4-b5e6-458df3809c6c,antmicroResistors0402:R_200k_0402,R_200k_0402,antmicro-footprints:R_0402_1005Metric,Bourns,CR0402-FX-2003GLF,,07239a50-c440-4106-9a39-5bb98102db2b
R256,51,recovery_usb.kicad_sch,/f569b0be-0afd-48b7-93ee-28582a4c645c/ee0c56cd-dc85-44e4-b5e6-458df3809c6c,antmicroResistors0402:R_10k_0402,R_10k_0402,antmicro-footprints:R_0402_1005Metric,Bourns,CR0402-FX-1002GLF,,3c2f92e3-84d3-4eae-9391-54616fdcfbd4
R257,58,power.kicad_sch,/f569b0be-0afd-48b7-93ee-28582a4c645c/18ddd5dc-52e2-402c-b2e2-8bb33f110eab,antmicroResistors0402:R_470R_0402,R_470R_0402,antmicro-footprints:R_0402_1005Metric,Bourns,CR0402-FX-4700GLF,,f1103283-39ff-4bf7-ab0c-eb62ad3703d2
R258,62,dcdc.kicad_sch,/f569b0be-0afd-48b7-93ee-28582a4c645c/24bfa3d1-0a03-41a0-8beb-0ef00bfb4ba3,antmicroResistorsmisc:R_0R001_0805,R_0R001_0805,antmicro-footprints:R_0805_2012Metric,Eaton,MSMA0805R0010FSM,,d185e15d-8805-45ab-a2c4-9a330f321af1
R259,47,usb_hub.kicad_sch,/f569b0be-0afd-48b7-93ee-28582a4c645c/3fd0fbfa-9a42-4c7b-8c1c-08c3e88df372,antmicroResistors0402:R_2k2_0402,R_2k2_0402,antmicro-footprints:R_0402_1005Metric,Bourns,CR0402-FX-2201GLF,,c2435b48-bd3d-40e4-82fe-e9cfd97e8167
R260,58,usb_hub.kicad_sch,/f569b0be-0afd-48b7-93ee-28582a4c645c/3fd0fbfa-9a42-4c7b-8c1c-08c3e88df372,antmicroResistors0402:R_470R_0402,R_470R_0402,antmicro-footprints:R_0402_1005Metric,Bourns,CR0402-FX-4700GLF,,ae33ccd0-a878-4556-a13b-e0630a1f840f
R261,74,usb_hub.kicad_sch,/f569b0be-0afd-48b7-93ee-28582a4c645c/3fd0fbfa-9a42-4c7b-8c1c-08c3e88df372,antmicroResistors0402:R_43k_0402,R_43k_0402,antmicro-footprints:R_0402_1005Metric,Bourns,CR0402-FX-4302GLF,,a799b887-f108-459c-ae16-30865b217ee3
R262,64,usb_hub.kicad_sch,/f569b0be-0afd-48b7-93ee-28582a4c645c/3fd0fbfa-9a42-4c7b-8c1c-08c3e88df372,antmicroResistors0402:R_49k9_0402,R_49k9_0402,antmicro-footprints:R_0402_1005Metric,Bourns,CR0402-FX-4992GLF,,946f015b-c108-4f33-940f-2956b5e71c92
R263,74,usb_hub.kicad_sch,/f569b0be-0afd-48b7-93ee-28582a4c645c/3fd0fbfa-9a42-4c7b-8c1c-08c3e88df372,antmicroResistors0402:R_43k_0402,R_43k_0402,antmicro-footprints:R_0402_1005Metric,Bourns,CR0402-FX-4302GLF,,9209122e-088a-494a-926e-a4e0d1e15be8
R264,54,m2.kicad_sch,/f569b0be-0afd-48b7-93ee-28582a4c645c/456a2f48-4934-4d0e-aaf0-f39b01ccc0c1,antmicroResistors0402:R_0R_0402,R_0R_0402,antmicro-footprints:R_0402_1005Metric,Panasonic,ERJ2GE0R00X,,b4b4ec2f-b51c-4d60-ba6b-72feb0787fbd
R265,68,recovery_usb.kicad_sch,/f569b0be-0afd-48b7-93ee-28582a4c645c/ee0c56cd-dc85-44e4-b5e6-458df3809c6c,antmicroResistors0402:R_1k_0402,R_1k_0402,antmicro-footprints:R_0402_1005Metric,Bourns,CR0402-FX-1001GLF,,27003cc1-518f-4e39-b6ab-2c6a553ea51b
R266,51,recovery_usb.kicad_sch,/f569b0be-0afd-48b7-93ee-28582a4c645c/ee0c56cd-dc85-44e4-b5e6-458df3809c6c,antmicroResistors0402:R_10k_0402,R_10k_0402,antmicro-footprints:R_0402_1005Metric,Bourns,CR0402-FX-1002GLF,,9d51a6d0-2337-44d8-b45e-48d669d18817
R267,75,recovery_usb.kicad_sch,/f569b0be-0afd-48b7-93ee-28582a4c645c/ee0c56cd-dc85-44e4-b5e6-458df3809c6c,antmicroResistors0402:R_887k_0402,R_887k_0402,antmicro-footprints:R_0402_1005Metric,Panasonic,ERJ-2RKF8873X,,e4c5c6c7-cf02-40f7-bd86-ef2a4637137e
R268,54,recovery_usb.kicad_sch,/f569b0be-0afd-48b7-93ee-28582a4c645c/ee0c56cd-dc85-44e4-b5e6-458df3809c6c,antmicroResistors0402:R_0R_0402,R_0R_0402,antmicro-footprints:R_0402_1005Metric,Panasonic,ERJ2GE0R00X,,9d558f8f-e1a9-427c-878f-7a815987fa44
R269,51,recovery_usb.kicad_sch,/f569b0be-0afd-48b7-93ee-28582a4c645c/ee0c56cd-dc85-44e4-b5e6-458df3809c6c,antmicroResistors0402:R_10k_0402,R_10k_0402,antmicro-footprints:R_0402_1005Metric,Bourns,CR0402-FX-1002GLF,,8c8c13b7-a58e-4232-986b-fcd293e985c1
R270,47,recovery_usb.kicad_sch,/f569b0be-0afd-48b7-93ee-28582a4c645c/ee0c56cd-dc85-44e4-b5e6-458df3809c6c,antmicroResistors0402:R_2k2_0402,R_2k2_0402,antmicro-footprints:R_0402_1005Metric,Bourns,CR0402-FX-2201GLF,,b32de3fe-0ccd-4a9c-b6e7-575aa8afe2ca
R271,58,recovery_usb.kicad_sch,/f569b0be-0afd-48b7-93ee-28582a4c645c/ee0c56cd-dc85-44e4-b5e6-458df3809c6c,antmicroResistors0402:R_470R_0402,R_470R_0402,antmicro-footprints:R_0402_1005Metric,Bourns,CR0402-FX-4700GLF,,2b67c03b-7a17-4c0e-a3f3-5bf98a078249
R272,44,usb_dp.kicad_sch,/f569b0be-0afd-48b7-93ee-28582a4c645c/79924a89-4330-4c0a-9aa5-2a2f90ef321b,antmicroResistors0402:R_100k_0402,R_100k_0402,antmicro-footprints:R_0402_1005Metric,Bourns,CR0402-FX-1003GLF,,f7949656-585e-4f9c-95b1-7fa713eb1c83
R273,51,usb_dp.kicad_sch,/f569b0be-0afd-48b7-93ee-28582a4c645c/79924a89-4330-4c0a-9aa5-2a2f90ef321b,antmicroResistors0402:R_10k_0402,R_10k_0402,antmicro-footprints:R_0402_1005Metric,Bourns,CR0402-FX-1002GLF,,c70814e6-34b7-4a19-bb14-4c9a4f8ea11c
R274,51,usb_dp.kicad_sch,/f569b0be-0afd-48b7-93ee-28582a4c645c/79924a89-4330-4c0a-9aa5-2a2f90ef321b,antmicroResistors0402:R_10k_0402,R_10k_0402,antmicro-footprints:R_0402_1005Metric,Bourns,CR0402-FX-1002GLF,,64510b01-108f-4613-964f-5854ef79080e
R276,54,recovery_usb.kicad_sch,/f569b0be-0afd-48b7-93ee-28582a4c645c/ee0c56cd-dc85-44e4-b5e6-458df3809c6c,antmicroResistors0402:R_0R_0402,R_0R_0402,antmicro-footprints:R_0402_1005Metric,Panasonic,ERJ2GE0R00X,,078f744b-9c57-4223-9e61-d0435dd96aec
R277,54,recovery_usb.kicad_sch,/f569b0be-0afd-48b7-93ee-28582a4c645c/ee0c56cd-dc85-44e4-b5e6-458df3809c6c,antmicroResistors0402:R_0R_0402,R_0R_0402,antmicro-footprints:R_0402_1005Metric,Panasonic,ERJ2GE0R00X,,66cb62d3-990f-4a60-8c25-f25af58dbf12
R278,51,recovery_usb.kicad_sch,/f569b0be-0afd-48b7-93ee-28582a4c645c/ee0c56cd-dc85-44e4-b5e6-458df3809c6c,antmicroResistors0402:R_10k_0402,R_10k_0402,antmicro-footprints:R_0402_1005Metric,Bourns,CR0402-FX-1002GLF,,98b1293a-5721-421c-aaaf-5144664a5347
R279,55,recovery_usb.kicad_sch,/f569b0be-0afd-48b7-93ee-28582a4c645c/ee0c56cd-dc85-44e4-b5e6-458df3809c6c,antmicroResistors0402:R_200k_0402,R_200k_0402,antmicro-footprints:R_0402_1005Metric,Bourns,CR0402-FX-2003GLF,,b590862c-cca2-44fd-80b0-c14fb477f14b
R280,55,recovery_usb.kicad_sch,/f569b0be-0afd-48b7-93ee-28582a4c645c/ee0c56cd-dc85-44e4-b5e6-458df3809c6c,antmicroResistors0402:R_200k_0402,R_200k_0402,antmicro-footprints:R_0402_1005Metric,Bourns,CR0402-FX-2003GLF,,85c80c10-c288-4534-a426-f2af4ae93741
R284,62,dcdc.kicad_sch,/f569b0be-0afd-48b7-93ee-28582a4c645c/24bfa3d1-0a03-41a0-8beb-0ef00bfb4ba3,antmicroResistorsmisc:R_0R001_0805,R_0R001_0805,antmicro-footprints:R_0805_2012Metric,Eaton,MSMA0805R0010FSM,,b7cef41a-2bbe-4e6c-b018-be458a5da1a4
R287,51,som_power.kicad_sch,/f569b0be-0afd-48b7-93ee-28582a4c645c/33df10a9-5b30-4fa6-b34e-d62ce1b48c65,antmicroResistors0402:R_10k_0402,R_10k_0402,antmicro-footprints:R_0402_1005Metric,Bourns,CR0402-FX-1002GLF,,c9fdecff-9f72-417c-b90d-4d876a7aaddd
R288,72,som_power.kicad_sch,/f569b0be-0afd-48b7-93ee-28582a4c645c/33df10a9-5b30-4fa6-b34e-d62ce1b48c65,antmicroResistors0402:R_47k_0402,R_47k_0402,antmicro-footprints:R_0402_1005Metric,Bourns,CR0402-FX-4702GLF,,9eac98cd-3c78-4bed-be7c-0c03dec0d176
R296,64,som_power.kicad_sch,/f569b0be-0afd-48b7-93ee-28582a4c645c/33df10a9-5b30-4fa6-b34e-d62ce1b48c65,antmicroResistors0402:R_49k9_0402,R_49k9_0402,antmicro-footprints:R_0402_1005Metric,Bourns,CR0402-FX-4992GLF,,8668b1c7-d813-40e9-ab7b-090ae9db93fe
R297,54,som_power.kicad_sch,/f569b0be-0afd-48b7-93ee-28582a4c645c/33df10a9-5b30-4fa6-b34e-d62ce1b48c65,antmicroResistors0402:R_0R_0402,R_0R_0402,antmicro-footprints:R_0402_1005Metric,Panasonic,ERJ2GE0R00X,,feccbf67-2a25-4f6d-9133-fe8f2c09111a
R298,54,som_power.kicad_sch,/f569b0be-0afd-48b7-93ee-28582a4c645c/33df10a9-5b30-4fa6-b34e-d62ce1b48c65,antmicroResistors0402:R_0R_0402,R_0R_0402,antmicro-footprints:R_0402_1005Metric,Panasonic,ERJ2GE0R00X,,fdb5806d-58c4-4751-ad93-8eaa0045ebc7
R299,51,usb_hub.kicad_sch,/f569b0be-0afd-48b7-93ee-28582a4c645c/3fd0fbfa-9a42-4c7b-8c1c-08c3e88df372,antmicroResistors0402:R_10k_0402,R_10k_0402,antmicro-footprints:R_0402_1005Metric,Bourns,CR0402-FX-1002GLF,,c92ebb55-def2-48b3-938f-cf109e810585
R300,51,som_power.kicad_sch,/f569b0be-0afd-48b7-93ee-28582a4c645c/33df10a9-5b30-4fa6-b34e-d62ce1b48c65,antmicroResistors0402:R_10k_0402,R_10k_0402,antmicro-footprints:R_0402_1005Metric,Bourns,CR0402-FX-1002GLF,,0137f19a-1f5d-418a-b2d2-a62234545c51
R301,54,som_power.kicad_sch,/f569b0be-0afd-48b7-93ee-28582a4c645c/33df10a9-5b30-4fa6-b34e-d62ce1b48c65,antmicroResistors0402:R_0R_0402,R_0R_0402,antmicro-footprints:R_0402_1005Metric,Panasonic,ERJ2GE0R00X,,2c2d3548-8974-4021-a620-078e76930210
R302,54,som_power.kicad_sch,/f569b0be-0afd-48b7-93ee-28582a4c645c/33df10a9-5b30-4fa6-b34e-d62ce1b48c65,antmicroResistors0402:R_0R_0402,R_0R_0402,antmicro-footprints:R_0402_1005Metric,Panasonic,ERJ2GE0R00X,,8da727a0-04e5-42e2-b940-35b035261fc0
R303,51,usb_hub.kicad_sch,/f569b0be-0afd-48b7-93ee-28582a4c645c/3fd0fbfa-9a42-4c7b-8c1c-08c3e88df372,antmicroResistors0402:R_10k_0402,R_10k_0402,antmicro-footprints:R_0402_1005Metric,Bourns,CR0402-FX-1002GLF,,568b33af-349f-41ee-b84d-a140b16084be
R304,51,som_power.kicad_sch,/f569b0be-0afd-48b7-93ee-28582a4c645c/33df10a9-5b30-4fa6-b34e-d62ce1b48c65,antmicroResistors0402:R_10k_0402,R_10k_0402,antmicro-footprints:R_0402_1005Metric,Bourns,CR0402-FX-1002GLF,,868af849-dfe1-42a2-baa6-00e44f8430a7
R305,51,som_power.kicad_sch,/f569b0be-0afd-48b7-93ee-28582a4c645c/33df10a9-5b30-4fa6-b34e-d62ce1b48c65,antmicroResistors0402:R_10k_0402,R_10k_0402,antmicro-footprints:R_0402_1005Metric,Bourns,CR0402-FX-1002GLF,,c1e94168-6b6b-4bda-a6a6-4add1dcf7a2a
R306,58,som_power.kicad_sch,/f569b0be-0afd-48b7-93ee-28582a4c645c/33df10a9-5b30-4fa6-b34e-d62ce1b48c65,antmicroResistors0402:R_470R_0402,R_470R_0402,antmicro-footprints:R_0402_1005Metric,Bourns,CR0402-FX-4700GLF,,bd3f1bff-b4ac-431d-bf29-d7f9449568d6
R307,51,som_power.kicad_sch,/f569b0be-0afd-48b7-93ee-28582a4c645c/33df10a9-5b30-4fa6-b34e-d62ce1b48c65,antmicroResistors0402:R_10k_0402,R_10k_0402,antmicro-footprints:R_0402_1005Metric,Bourns,CR0402-FX-1002GLF,,a61ec2f8-76e2-47fe-a492-299bb8939c73
R310,55,dcdc.kicad_sch,/f569b0be-0afd-48b7-93ee-28582a4c645c/24bfa3d1-0a03-41a0-8beb-0ef00bfb4ba3,antmicroResistors0402:R_200k_0402,R_200k_0402,antmicro-footprints:R_0402_1005Metric,Bourns,CR0402-FX-2003GLF,,a70008b4-60f3-468a-9b5d-c67eff5f7243
R311,44,dcdc.kicad_sch,/f569b0be-0afd-48b7-93ee-28582a4c645c/24bfa3d1-0a03-41a0-8beb-0ef00bfb4ba3,antmicroResistors0402:R_100k_0402,R_100k_0402,antmicro-footprints:R_0402_1005Metric,Bourns,CR0402-FX-1003GLF,,28d00a87-8e36-4c1b-921c-ee482458a5ef
R312,60,dcdc.kicad_sch,/f569b0be-0afd-48b7-93ee-28582a4c645c/24bfa3d1-0a03-41a0-8beb-0ef00bfb4ba3,antmicroResistors0402:R_73k2_0402,R_73k2_0402,antmicro-footprints:R_0402_1005Metric,Bourns,CR0402-FX-7322GLF,,623b3baf-ae5a-45f3-8089-58d403da1c76
R313,51,dcdc.kicad_sch,/f569b0be-0afd-48b7-93ee-28582a4c645c/24bfa3d1-0a03-41a0-8beb-0ef00bfb4ba3,antmicroResistors0402:R_10k_0402,R_10k_0402,antmicro-footprints:R_0402_1005Metric,Bourns,CR0402-FX-1002GLF,,476ec573-941c-403c-a04a-babc9542fa46
R314,69,dcdc.kicad_sch,/f569b0be-0afd-48b7-93ee-28582a4c645c/24bfa3d1-0a03-41a0-8beb-0ef00bfb4ba3,antmicroResistors0402:R_27R_0402,R_27R_0402,antmicro-footprints:R_0402_1005Metric,Bourns,CR0402-FX-27R0GLF,,4e2de337-ce3d-418c-a5af-8e4dc6e931f2
R315,69,dcdc.kicad_sch,/f569b0be-0afd-48b7-93ee-28582a4c645c/24bfa3d1-0a03-41a0-8beb-0ef00bfb4ba3,antmicroResistors0402:R_27R_0402,R_27R_0402,antmicro-footprints:R_0402_1005Metric,Bourns,CR0402-FX-27R0GLF,,768f7aeb-2ee8-4bdb-b004-d647ef9e0b41
R316,69,dcdc.kicad_sch,/f569b0be-0afd-48b7-93ee-28582a4c645c/24bfa3d1-0a03-41a0-8beb-0ef00bfb4ba3,antmicroResistors0402:R_27R_0402,R_27R_0402,antmicro-footprints:R_0402_1005Metric,Bourns,CR0402-FX-27R0GLF,,df183353-c7b1-4880-b534-3801bc1ca43d
R317,76,dcdc.kicad_sch,/f569b0be-0afd-48b7-93ee-28582a4c645c/24bfa3d1-0a03-41a0-8beb-0ef00bfb4ba3,antmicroResistors0402:R_30k_0402,R_30k_0402,antmicro-footprints:R_0402_1005Metric,Bourns,CR0402-FX-3002GLF,,20b11cec-0b6a-49ed-a06f-41d008e3ec8b
R318,56,dcdc.kicad_sch,/f569b0be-0afd-48b7-93ee-28582a4c645c/24bfa3d1-0a03-41a0-8beb-0ef00bfb4ba3,antmicroResistors0402:R_15k_0402,R_15k_0402,antmicro-footprints:R_0402_1005Metric,Bourns,CR0402-FX-1502GLF,,822de291-21d1-436c-85f4-3dc1a198fcb7
R319,51,expansion_connector.kicad_sch,/f569b0be-0afd-48b7-93ee-28582a4c645c/5fb038ee-4d59-43de-81a4-b4c993aa7149,antmicroResistors0402:R_10k_0402,R_10k_0402,antmicro-footprints:R_0402_1005Metric,Bourns,CR0402-FX-1002GLF,,86362305-5fc2-4253-a3bc-7c19fc3b9bd5
R322,55,usb_hub.kicad_sch,/f569b0be-0afd-48b7-93ee-28582a4c645c/3fd0fbfa-9a42-4c7b-8c1c-08c3e88df372,antmicroResistors0402:R_200k_0402,R_200k_0402,antmicro-footprints:R_0402_1005Metric,Bourns,CR0402-FX-2003GLF,,be5fe9be-ed85-4096-9e01-3534398bb9f7
R324,55,usb_hub.kicad_sch,/f569b0be-0afd-48b7-93ee-28582a4c645c/3fd0fbfa-9a42-4c7b-8c1c-08c3e88df372,antmicroResistors0402:R_200k_0402,R_200k_0402,antmicro-footprints:R_0402_1005Metric,Bourns,CR0402-FX-2003GLF,,18db8afa-0b36-41b4-b07a-8b5481ca3749
R325,44,usb_hub.kicad_sch,/f569b0be-0afd-48b7-93ee-28582a4c645c/3fd0fbfa-9a42-4c7b-8c1c-08c3e88df372,antmicroResistors0402:R_100k_0402,R_100k_0402,antmicro-footprints:R_0402_1005Metric,Bourns,CR0402-FX-1003GLF,,2234b6eb-1268-4686-abfc-0e3bbc3d62b2
R326,77,dcdc.kicad_sch,/f569b0be-0afd-48b7-93ee-28582a4c645c/24bfa3d1-0a03-41a0-8beb-0ef00bfb4ba3,antmicroResistors0402:R_191k_0402,R_191k_0402,antmicro-footprints:R_0402_1005Metric,Bourns,CR0402-FX-1913GLF,,3bb2a9c6-b4f2-4afe-b967-134fe4e899ed
R327,44,usb_hub.kicad_sch,/f569b0be-0afd-48b7-93ee-28582a4c645c/3fd0fbfa-9a42-4c7b-8c1c-08c3e88df372,antmicroResistors0402:R_100k_0402,R_100k_0402,antmicro-footprints:R_0402_1005Metric,Bourns,CR0402-FX-1003GLF,,8ba34296-9187-4e3a-8ea2-3495e7eb8afa
R328,51,usb_hub.kicad_sch,/f569b0be-0afd-48b7-93ee-28582a4c645c/3fd0fbfa-9a42-4c7b-8c1c-08c3e88df372,antmicroResistors0402:R_10k_0402,R_10k_0402,antmicro-footprints:R_0402_1005Metric,Bourns,CR0402-FX-1002GLF,,64723f5b-df5f-433c-9f8f-be6367893143
R329,51,usb_hub.kicad_sch,/f569b0be-0afd-48b7-93ee-28582a4c645c/3fd0fbfa-9a42-4c7b-8c1c-08c3e88df372,antmicroResistors0402:R_10k_0402,R_10k_0402,antmicro-footprints:R_0402_1005Metric,Bourns,CR0402-FX-1002GLF,,5df754ff-dd2c-439f-bbe6-6ea2e2905cb4
R330,78,usb_hub.kicad_sch,/f569b0be-0afd-48b7-93ee-28582a4c645c/3fd0fbfa-9a42-4c7b-8c1c-08c3e88df372,antmicroResistors0402:R_2R2_0402,R_2R2_0402,antmicro-footprints:R_0402_1005Metric,Bourns,CR0402-FX-2R20GLF,,dfc8692b-63f4-49ed-81e8-1a3dcd40d9db
R331,78,usb_hub.kicad_sch,/f569b0be-0afd-48b7-93ee-28582a4c645c/3fd0fbfa-9a42-4c7b-8c1c-08c3e88df372,antmicroResistors0402:R_2R2_0402,R_2R2_0402,antmicro-footprints:R_0402_1005Metric,Bourns,CR0402-FX-2R20GLF,,789c815b-eb77-419f-973c-52d6f5b208c5
R332,51,usb_hub.kicad_sch,/f569b0be-0afd-48b7-93ee-28582a4c645c/3fd0fbfa-9a42-4c7b-8c1c-08c3e88df372,antmicroResistors0402:R_10k_0402,R_10k_0402,antmicro-footprints:R_0402_1005Metric,Bourns,CR0402-FX-1002GLF,,2e458ed0-8eea-479d-b046-1851f079bfc2
R333,51,usb_hub.kicad_sch,/f569b0be-0afd-48b7-93ee-28582a4c645c/3fd0fbfa-9a42-4c7b-8c1c-08c3e88df372,antmicroResistors0402:R_10k_0402,R_10k_0402,antmicro-footprints:R_0402_1005Metric,Bourns,CR0402-FX-1002GLF,,92fe5848-11e5-49af-8a3a-de965f8ced4e
R334,51,usb_hub.kicad_sch,/f569b0be-0afd-48b7-93ee-28582a4c645c/3fd0fbfa-9a42-4c7b-8c1c-08c3e88df372,antmicroResistors0402:R_10k_0402,R_10k_0402,antmicro-footprints:R_0402_1005Metric,Bourns,CR0402-FX-1002GLF,,38cd357a-ed1d-4b6b-9cf7-af8f59e1a358
R335,51,usb_hub.kicad_sch,/f569b0be-0afd-48b7-93ee-28582a4c645c/3fd0fbfa-9a42-4c7b-8c1c-08c3e88df372,antmicroResistors0402:R_10k_0402,R_10k_0402,antmicro-footprints:R_0402_1005Metric,Bourns,CR0402-FX-1002GLF,,eb479f2b-da78-4ad5-8a57-9bda48fb8a66
R336,78,usb_hub.kicad_sch,/f569b0be-0afd-48b7-93ee-28582a4c645c/3fd0fbfa-9a42-4c7b-8c1c-08c3e88df372,antmicroResistors0402:R_2R2_0402,R_2R2_0402,antmicro-footprints:R_0402_1005Metric,Bourns,CR0402-FX-2R20GLF,,26e18467-6590-4aa8-ab2e-0cf2ae2d0f74
R337,78,usb_hub.kicad_sch,/f569b0be-0afd-48b7-93ee-28582a4c645c/3fd0fbfa-9a42-4c7b-8c1c-08c3e88df372,antmicroResistors0402:R_2R2_0402,R_2R2_0402,antmicro-footprints:R_0402_1005Metric,Bourns,CR0402-FX-2R20GLF,,0226e973-f945-4750-a3c5-70233081cd64
R338,51,recovery_usb.kicad_sch,/f569b0be-0afd-48b7-93ee-28582a4c645c/ee0c56cd-dc85-44e4-b5e6-458df3809c6c,antmicroResistors0402:R_10k_0402,R_10k_0402,antmicro-footprints:R_0402_1005Metric,Bourns,CR0402-FX-1002GLF,,4d512bda-2148-477f-b0f8-0160c2799083
R339,54,recovery_usb.kicad_sch,/f569b0be-0afd-48b7-93ee-28582a4c645c/ee0c56cd-dc85-44e4-b5e6-458df3809c6c,antmicroResistors0402:R_0R_0402,R_0R_0402,antmicro-footprints:R_0402_1005Metric,Panasonic,ERJ2GE0R00X,,bcfd0502-2d0a-448f-a108-4d9bf2fdbfe4
R343,51,peripherals.kicad_sch,/f569b0be-0afd-48b7-93ee-28582a4c645c/f57c04fe-502b-4d07-880b-2cf807d3e5a1,antmicroResistors0402:R_10k_0402,R_10k_0402,antmicro-footprints:R_0402_1005Metric,Bourns,CR0402-FX-1002GLF,,3ded9437-ea25-42f9-9cc0-166ca4f3b8b4
R344,54,peripherals.kicad_sch,/f569b0be-0afd-48b7-93ee-28582a4c645c/f57c04fe-502b-4d07-880b-2cf807d3e5a1,antmicroResistors0402:R_0R_0402,R_0R_0402,antmicro-footprints:R_0402_1005Metric,Panasonic,ERJ2GE0R00X,,54939d52-a5b1-42e4-9f87-6f33db050ed7
R345,54,peripherals.kicad_sch,/f569b0be-0afd-48b7-93ee-28582a4c645c/f57c04fe-502b-4d07-880b-2cf807d3e5a1,antmicroResistors0402:R_0R_0402,R_0R_0402,antmicro-footprints:R_0402_1005Metric,Panasonic,ERJ2GE0R00X,,173ad422-b0bd-46e3-9f16-1857d4786527
R346,54,peripherals.kicad_sch,/f569b0be-0afd-48b7-93ee-28582a4c645c/f57c04fe-502b-4d07-880b-2cf807d3e5a1,antmicroResistors0402:R_0R_0402,R_0R_0402,antmicro-footprints:R_0402_1005Metric,Panasonic,ERJ2GE0R00X,,a4198cd4-2b56-4082-ba63-757ba5a9dfb0
R347,54,peripherals.kicad_sch,/f569b0be-0afd-48b7-93ee-28582a4c645c/f57c04fe-502b-4d07-880b-2cf807d3e5a1,antmicroResistors0402:R_0R_0402,R_0R_0402,antmicro-footprints:R_0402_1005Metric,Panasonic,ERJ2GE0R00X,,6bbb2e70-4a27-4291-97c1-e5f11d5b2a2b
R349,51,expansion_connector.kicad_sch,/f569b0be-0afd-48b7-93ee-28582a4c645c/5fb038ee-4d59-43de-81a4-b4c993aa7149,antmicroResistors0402:R_10k_0402,R_10k_0402,antmicro-footprints:R_0402_1005Metric,Bourns,CR0402-FX-1002GLF,,4e0675d3-d4a0-4f62-a714-d286e5cad2cc
R350,79,expansion_connector.kicad_sch,/f569b0be-0afd-48b7-93ee-28582a4c645c/5fb038ee-4d59-43de-81a4-b4c993aa7149,antmicroResistors0402:R_100R_0402,R_100R_0402,antmicro-footprints:R_0402_1005Metric,Bourns,CR0402-FX-1000GLF,,1d33ef45-68ae-4f1f-9977-8d5203bb489a
R351,54,expansion_connector.kicad_sch,/f569b0be-0afd-48b7-93ee-28582a4c645c/5fb038ee-4d59-43de-81a4-b4c993aa7149,antmicroResistors0402:R_0R_0402,R_0R_0402,antmicro-footprints:R_0402_1005Metric,Panasonic,ERJ2GE0R00X,,7a5a895c-6511-4547-bbf6-fe259555d131
R355,51,som_power.kicad_sch,/f569b0be-0afd-48b7-93ee-28582a4c645c/33df10a9-5b30-4fa6-b34e-d62ce1b48c65,antmicroResistors0402:R_10k_0402,R_10k_0402,antmicro-footprints:R_0402_1005Metric,Bourns,CR0402-FX-1002GLF,,446504b3-e48e-47b9-a3de-1038e6c87e31
R360,47,som_io.kicad_sch,/f569b0be-0afd-48b7-93ee-28582a4c645c/5e8e155a-019a-4868-a371-a2eb1e119b3e,antmicroResistors0402:R_2k2_0402,R_2k2_0402,antmicro-footprints:R_0402_1005Metric,Bourns,CR0402-FX-2201GLF,,ea156d28-1359-4e76-a5dd-e3b5b82c34b5
R361,47,som_io.kicad_sch,/f569b0be-0afd-48b7-93ee-28582a4c645c/5e8e155a-019a-4868-a371-a2eb1e119b3e,antmicroResistors0402:R_2k2_0402,R_2k2_0402,antmicro-footprints:R_0402_1005Metric,Bourns,CR0402-FX-2201GLF,,053ecee1-c509-4411-b1c7-213584c7f75c
R362,47,som_io.kicad_sch,/f569b0be-0afd-48b7-93ee-28582a4c645c/5e8e155a-019a-4868-a371-a2eb1e119b3e,antmicroResistors0402:R_2k2_0402,R_2k2_0402,antmicro-footprints:R_0402_1005Metric,Bourns,CR0402-FX-2201GLF,,64e92b16-99c3-4479-b1e3-250c8d9d42df
R363,44,som_power.kicad_sch,/f569b0be-0afd-48b7-93ee-28582a4c645c/33df10a9-5b30-4fa6-b34e-d62ce1b48c65,antmicroResistors0402:R_100k_0402,R_100k_0402,antmicro-footprints:R_0402_1005Metric,Bourns,CR0402-FX-1003GLF,,37e83f4a-6f29-4a5a-b725-8322ac7f42db
R364,69,dcdc.kicad_sch,/f569b0be-0afd-48b7-93ee-28582a4c645c/24bfa3d1-0a03-41a0-8beb-0ef00bfb4ba3,antmicroResistors0402:R_27R_0402,R_27R_0402,antmicro-footprints:R_0402_1005Metric,Bourns,CR0402-FX-27R0GLF,,08b497a9-a486-46cd-824c-049d2159afac
R365,69,dcdc.kicad_sch,/f569b0be-0afd-48b7-93ee-28582a4c645c/24bfa3d1-0a03-41a0-8beb-0ef00bfb4ba3,antmicroResistors0402:R_27R_0402,R_27R_0402,antmicro-footprints:R_0402_1005Metric,Bourns,CR0402-FX-27R0GLF,,5cecebbb-ba28-4f56-b04e-7c878d404081
R366,62,dcdc.kicad_sch,/f569b0be-0afd-48b7-93ee-28582a4c645c/24bfa3d1-0a03-41a0-8beb-0ef00bfb4ba3,antmicroResistorsmisc:R_0R001_0805,R_0R001_0805,antmicro-footprints:R_0805_2012Metric,Eaton,MSMA0805R0010FSM,,4567dea4-4fd6-4337-a014-caa09b3a4964
R367,69,dcdc.kicad_sch,/f569b0be-0afd-48b7-93ee-28582a4c645c/24bfa3d1-0a03-41a0-8beb-0ef00bfb4ba3,antmicroResistors0402:R_27R_0402,R_27R_0402,antmicro-footprints:R_0402_1005Metric,Bourns,CR0402-FX-27R0GLF,,0f1b068e-f547-41ea-824e-bd0a4550f595
R368,69,dcdc.kicad_sch,/f569b0be-0afd-48b7-93ee-28582a4c645c/24bfa3d1-0a03-41a0-8beb-0ef00bfb4ba3,antmicroResistors0402:R_27R_0402,R_27R_0402,antmicro-footprints:R_0402_1005Metric,Bourns,CR0402-FX-27R0GLF,,55e645ea-ec2e-4ac5-8920-6c1113927b2e
R369,69,dcdc.kicad_sch,/f569b0be-0afd-48b7-93ee-28582a4c645c/24bfa3d1-0a03-41a0-8beb-0ef00bfb4ba3,antmicroResistors0402:R_27R_0402,R_27R_0402,antmicro-footprints:R_0402_1005Metric,Bourns,CR0402-FX-27R0GLF,,63edb414-9f8a-4060-8080-44ea4f38487b
R370,69,dcdc.kicad_sch,/f569b0be-0afd-48b7-93ee-28582a4c645c/24bfa3d1-0a03-41a0-8beb-0ef00bfb4ba3,antmicroResistors0402:R_27R_0402,R_27R_0402,antmicro-footprints:R_0402_1005Metric,Bourns,CR0402-FX-27R0GLF,,9e1df810-ccb7-4c5a-b0b4-597b9a04444f
R371,69,dcdc.kicad_sch,/f569b0be-0afd-48b7-93ee-28582a4c645c/24bfa3d1-0a03-41a0-8beb-0ef00bfb4ba3,antmicroResistors0402:R_27R_0402,R_27R_0402,antmicro-footprints:R_0402_1005Metric,Bourns,CR0402-FX-27R0GLF,,1e1b6a15-f0fb-457a-9b39-b23824c618ba
R372,68,power.kicad_sch,/f569b0be-0afd-48b7-93ee-28582a4c645c/18ddd5dc-52e2-402c-b2e2-8bb33f110eab,antmicroResistors0402:R_1k_0402,R_1k_0402,antmicro-footprints:R_0402_1005Metric,Bourns,CR0402-FX-1001GLF,,e40da8c3-9c5d-4500-a0bb-bec261064f95
R373,47,som_io.kicad_sch,/f569b0be-0afd-48b7-93ee-28582a4c645c/5e8e155a-019a-4868-a371-a2eb1e119b3e,antmicroResistors0402:R_2k2_0402,R_2k2_0402,antmicro-footprints:R_0402_1005Metric,Bourns,CR0402-FX-2201GLF,,02ff23bb-f499-48c2-b6bb-418b2fb9c697
R374,47,som_io.kicad_sch,/f569b0be-0afd-48b7-93ee-28582a4c645c/5e8e155a-019a-4868-a371-a2eb1e119b3e,antmicroResistors0402:R_2k2_0402,R_2k2_0402,antmicro-footprints:R_0402_1005Metric,Bourns,CR0402-FX-2201GLF,,845eaea3-bc5d-4690-be64-9a81b912f252
R375,47,som_io.kicad_sch,/f569b0be-0afd-48b7-93ee-28582a4c645c/5e8e155a-019a-4868-a371-a2eb1e119b3e,antmicroResistors0402:R_2k2_0402,R_2k2_0402,antmicro-footprints:R_0402_1005Metric,Bourns,CR0402-FX-2201GLF,,4553900b-32ec-45b9-af51-295fe767b214
R376,47,som_io.kicad_sch,/f569b0be-0afd-48b7-93ee-28582a4c645c/5e8e155a-019a-4868-a371-a2eb1e119b3e,antmicroResistors0402:R_2k2_0402,R_2k2_0402,antmicro-footprints:R_0402_1005Metric,Bourns,CR0402-FX-2201GLF,,114dc7b1-a7da-40d3-ac3f-1d60b9535279
R377,47,som_io.kicad_sch,/f569b0be-0afd-48b7-93ee-28582a4c645c/5e8e155a-019a-4868-a371-a2eb1e119b3e,antmicroResistors0402:R_2k2_0402,R_2k2_0402,antmicro-footprints:R_0402_1005Metric,Bourns,CR0402-FX-2201GLF,,add313b4-7b08-4325-91c9-7d4531479cb9
R381,54,usb_debug_pd.kicad_sch,/f569b0be-0afd-48b7-93ee-28582a4c645c/12c19ba5-8fdc-4775-a33b-e8b1ade01b0a,antmicroResistors0402:R_0R_0402,R_0R_0402,antmicro-footprints:R_0402_1005Metric,Panasonic,ERJ2GE0R00X,,a17d5500-d6bb-47b7-9db9-b04afad9d0f6
R382,54,usb_debug_pd.kicad_sch,/f569b0be-0afd-48b7-93ee-28582a4c645c/12c19ba5-8fdc-4775-a33b-e8b1ade01b0a,antmicroResistors0402:R_0R_0402,R_0R_0402,antmicro-footprints:R_0402_1005Metric,Panasonic,ERJ2GE0R00X,,06343ec8-a156-43aa-817b-27e7f60d31c5
R383,54,usb_debug_pd.kicad_sch,/f569b0be-0afd-48b7-93ee-28582a4c645c/12c19ba5-8fdc-4775-a33b-e8b1ade01b0a,antmicroResistors0402:R_0R_0402,R_0R_0402,antmicro-footprints:R_0402_1005Metric,Panasonic,ERJ2GE0R00X,,d9948968-c375-424f-b0a9-ab2cda72b775
R384,54,usb_debug_pd.kicad_sch,/f569b0be-0afd-48b7-93ee-28582a4c645c/12c19ba5-8fdc-4775-a33b-e8b1ade01b0a,antmicroResistors0402:R_0R_0402,R_0R_0402,antmicro-footprints:R_0402_1005Metric,Panasonic,ERJ2GE0R00X,,27ac4669-894f-462a-bf0a-2c353111351e
R389,47,csi.kicad_sch,/f569b0be-0afd-48b7-93ee-28582a4c645c/5735e52d-0a61-43fd-a7c9-5087dffafe64,antmicroResistors0402:R_2k2_0402,R_2k2_0402,antmicro-footprints:R_0402_1005Metric,Bourns,CR0402-FX-2201GLF,,8a25ac19-0da5-4daa-bd9f-774e4edbdf8e
R390,47,csi.kicad_sch,/f569b0be-0afd-48b7-93ee-28582a4c645c/5735e52d-0a61-43fd-a7c9-5087dffafe64,antmicroResistors0402:R_2k2_0402,R_2k2_0402,antmicro-footprints:R_0402_1005Metric,Bourns,CR0402-FX-2201GLF,,33f97a3d-7914-47e1-932b-366db72cab78
R391,47,csi.kicad_sch,/f569b0be-0afd-48b7-93ee-28582a4c645c/5735e52d-0a61-43fd-a7c9-5087dffafe64,antmicroResistors0402:R_2k2_0402,R_2k2_0402,antmicro-footprints:R_0402_1005Metric,Bourns,CR0402-FX-2201GLF,,5f7a31a8-df99-4abc-afd3-10035944b66d
R392,47,csi.kicad_sch,/f569b0be-0afd-48b7-93ee-28582a4c645c/5735e52d-0a61-43fd-a7c9-5087dffafe64,antmicroResistors0402:R_2k2_0402,R_2k2_0402,antmicro-footprints:R_0402_1005Metric,Bourns,CR0402-FX-2201GLF,,017cbb10-a374-4c0d-8e5b-ec6534761f44
R393,47,csi.kicad_sch,/f569b0be-0afd-48b7-93ee-28582a4c645c/5735e52d-0a61-43fd-a7c9-5087dffafe64,antmicroResistors0402:R_2k2_0402,R_2k2_0402,antmicro-footprints:R_0402_1005Metric,Bourns,CR0402-FX-2201GLF,,47a16da7-16a1-4e99-bdc9-0b649a2da21f
R394,47,csi.kicad_sch,/f569b0be-0afd-48b7-93ee-28582a4c645c/5735e52d-0a61-43fd-a7c9-5087dffafe64,antmicroResistors0402:R_2k2_0402,R_2k2_0402,antmicro-footprints:R_0402_1005Metric,Bourns,CR0402-FX-2201GLF,,935b1df1-825d-4ecb-80d0-487aa0c51b80
R395,54,csi.kicad_sch,/f569b0be-0afd-48b7-93ee-28582a4c645c/5735e52d-0a61-43fd-a7c9-5087dffafe64,antmicroResistors0402:R_0R_0402,R_0R_0402,antmicro-footprints:R_0402_1005Metric,Panasonic,ERJ2GE0R00X,,e3ed6098-c052-4e16-8fb9-056c9ce15b52
R396,54,csi.kicad_sch,/f569b0be-0afd-48b7-93ee-28582a4c645c/5735e52d-0a61-43fd-a7c9-5087dffafe64,antmicroResistors0402:R_0R_0402,R_0R_0402,antmicro-footprints:R_0402_1005Metric,Panasonic,ERJ2GE0R00X,,db3038bd-1483-4945-bd73-bd3e3c8733f9
R397,54,csi.kicad_sch,/f569b0be-0afd-48b7-93ee-28582a4c645c/5735e52d-0a61-43fd-a7c9-5087dffafe64,antmicroResistors0402:R_0R_0402,R_0R_0402,antmicro-footprints:R_0402_1005Metric,Panasonic,ERJ2GE0R00X,,555c3de0-9743-488b-9d8b-c81b48570e7f
R398,54,csi.kicad_sch,/f569b0be-0afd-48b7-93ee-28582a4c645c/5735e52d-0a61-43fd-a7c9-5087dffafe64,antmicroResistors0402:R_0R_0402,R_0R_0402,antmicro-footprints:R_0402_1005Metric,Panasonic,ERJ2GE0R00X,,6d722363-a5f8-4060-aad1-7a5f766517a1
R399,54,csi.kicad_sch,/f569b0be-0afd-48b7-93ee-28582a4c645c/5735e52d-0a61-43fd-a7c9-5087dffafe64,antmicroResistors0402:R_0R_0402,R_0R_0402,antmicro-footprints:R_0402_1005Metric,Panasonic,ERJ2GE0R00X,,87927b5c-84bf-4c91-920a-a48b03224efc
R400,54,csi.kicad_sch,/f569b0be-0afd-48b7-93ee-28582a4c645c/5735e52d-0a61-43fd-a7c9-5087dffafe64,antmicroResistors0402:R_0R_0402,R_0R_0402,antmicro-footprints:R_0402_1005Metric,Panasonic,ERJ2GE0R00X,,742209dc-cc91-4fb4-aa8c-317a61490b4c
R401,54,peripherals.kicad_sch,/f569b0be-0afd-48b7-93ee-28582a4c645c/f57c04fe-502b-4d07-880b-2cf807d3e5a1,antmicroResistors0402:R_0R_0402,R_0R_0402,antmicro-footprints:R_0402_1005Metric,Panasonic,ERJ2GE0R00X,,5105162f-45d5-49cc-ba23-b81b1edd3c04
R402,54,peripherals.kicad_sch,/f569b0be-0afd-48b7-93ee-28582a4c645c/f57c04fe-502b-4d07-880b-2cf807d3e5a1,antmicroResistors0402:R_0R_0402,R_0R_0402,antmicro-footprints:R_0402_1005Metric,Panasonic,ERJ2GE0R00X,,e135d4cb-c675-4afb-9214-42cdcdfcf880
R403,54,peripherals.kicad_sch,/f569b0be-0afd-48b7-93ee-28582a4c645c/f57c04fe-502b-4d07-880b-2cf807d3e5a1,antmicroResistors0402:R_0R_0402,R_0R_0402,antmicro-footprints:R_0402_1005Metric,Panasonic,ERJ2GE0R00X,,b4c0c2cd-85fd-49ee-9d3e-fc8253aa843d
R404,54,peripherals.kicad_sch,/f569b0be-0afd-48b7-93ee-28582a4c645c/f57c04fe-502b-4d07-880b-2cf807d3e5a1,antmicroResistors0402:R_0R_0402,R_0R_0402,antmicro-footprints:R_0402_1005Metric,Panasonic,ERJ2GE0R00X,,d09f5785-6dee-45eb-b163-7e2fbc68ac8b
R405,54,peripherals.kicad_sch,/f569b0be-0afd-48b7-93ee-28582a4c645c/f57c04fe-502b-4d07-880b-2cf807d3e5a1,antmicroResistors0402:R_0R_0402,R_0R_0402,antmicro-footprints:R_0402_1005Metric,Panasonic,ERJ2GE0R00X,,a2b0ec47-5e4b-4537-a0e5-ed2e228489da
R406,54,peripherals.kicad_sch,/f569b0be-0afd-48b7-93ee-28582a4c645c/f57c04fe-502b-4d07-880b-2cf807d3e5a1,antmicroResistors0402:R_0R_0402,R_0R_0402,antmicro-footprints:R_0402_1005Metric,Panasonic,ERJ2GE0R00X,,fc97f54f-9c94-4b17-9791-02c2ae43b8b7
R407,58,som_power.kicad_sch,/f569b0be-0afd-48b7-93ee-28582a4c645c/33df10a9-5b30-4fa6-b34e-d62ce1b48c65,antmicroResistors0402:R_470R_0402,R_470R_0402,antmicro-footprints:R_0402_1005Metric,Bourns,CR0402-FX-4700GLF,,fc792ff0-cb1c-4a7d-ba87-f0f885c1fe0b
R408,80,som_power.kicad_sch,/f569b0be-0afd-48b7-93ee-28582a4c645c/33df10a9-5b30-4fa6-b34e-d62ce1b48c65,antmicroResistors0402:R_124k_0402,R_124k_0402,antmicro-footprints:R_0402_1005Metric,Bourns,CR0402-FX-1243GLF,,a53eaa71-5143-4494-bf54-e57e4ba99605
R409,81,power.kicad_sch,/f569b0be-0afd-48b7-93ee-28582a4c645c/18ddd5dc-52e2-402c-b2e2-8bb33f110eab,antmicroResistors0402:R_232k_0402,R_232k_0402,antmicro-footprints:R_0402_1005Metric,YAGEO,RT0402FRE07232KL,,4d87320e-ba35-4cc4-80c9-2d0cbe0b37d6
R411,82,power.kicad_sch,/f569b0be-0afd-48b7-93ee-28582a4c645c/18ddd5dc-52e2-402c-b2e2-8bb33f110eab,antmicroResistors0402:R_11k8_0402,R_11k8_0402,antmicro-footprints:R_0402_1005Metric,Bourns,CR0402-FX-1182GLF,,f9615dd3-e9e9-4655-adb6-8416b67688b2
R412,47,power.kicad_sch,/f569b0be-0afd-48b7-93ee-28582a4c645c/18ddd5dc-52e2-402c-b2e2-8bb33f110eab,antmicroResistors0402:R_2k2_0402,R_2k2_0402,antmicro-footprints:R_0402_1005Metric,Bourns,CR0402-FX-2201GLF,,c2755ea7-5ab0-4e5c-8ab2-8210386238f3
R416,83,power.kicad_sch,/f569b0be-0afd-48b7-93ee-28582a4c645c/18ddd5dc-52e2-402c-b2e2-8bb33f110eab,antmicroResistors0402:R_31k6_0402,R_31k6_0402,antmicro-footprints:R_0402_1005Metric,Bourns,CR0402-FX-3162GLF,,36e52872-06e5-40bd-b986-17d4c5643224
R417,51,power.kicad_sch,/f569b0be-0afd-48b7-93ee-28582a4c645c/18ddd5dc-52e2-402c-b2e2-8bb33f110eab,antmicroResistors0402:R_10k_0402,R_10k_0402,antmicro-footprints:R_0402_1005Metric,Bourns,CR0402-FX-1002GLF,,6ca0d2bd-2248-4ba5-afeb-6f4e315d076b
S1,84,som_power.kicad_sch,/f569b0be-0afd-48b7-93ee-28582a4c645c/33df10a9-5b30-4fa6-b34e-d62ce1b48c65,antmicroPushbuttonSwitches:SW_KMR211NGLFS_SMD,SW_KMR211NGLFS_SMD,antmicro-footprints:SW_KMR211NGLFS_SMD,C&K,KMR211NGLFS,,87701f8a-e4b0-4f67-a79c-4881a20e1c1a
S2,84,peripherals.kicad_sch,/f569b0be-0afd-48b7-93ee-28582a4c645c/f57c04fe-502b-4d07-880b-2cf807d3e5a1,antmicroPushbuttonSwitches:SW_KMR211NGLFS_SMD,SW_KMR211NGLFS_SMD,antmicro-footprints:SW_KMR211NGLFS_SMD,C&K,KMR211NGLFS,,0257e787-805c-4873-a87f-818127ec8662
S3,84,peripherals.kicad_sch,/f569b0be-0afd-48b7-93ee-28582a4c645c/f57c04fe-502b-4d07-880b-2cf807d3e5a1,antmicroPushbuttonSwitches:SW_KMR211NGLFS_SMD,SW_KMR211NGLFS_SMD,antmicro-footprints:SW_KMR211NGLFS_SMD,C&K,KMR211NGLFS,,f7e7671b-c74b-4426-8c15-86b0994974af
S5,84,som_power.kicad_sch,/f569b0be-0afd-48b7-93ee-28582a4c645c/33df10a9-5b30-4fa6-b34e-d62ce1b48c65,antmicroPushbuttonSwitches:SW_KMR211NGLFS_SMD,SW_KMR211NGLFS_SMD,antmicro-footprints:SW_KMR211NGLFS_SMD,C&K,KMR211NGLFS,,dceed8b0-babc-4089-bb35-6fde289e6bf0
S6,84,som_power.kicad_sch,/f569b0be-0afd-48b7-93ee-28582a4c645c/33df10a9-5b30-4fa6-b34e-d62ce1b48c65,antmicroPushbuttonSwitches:SW_KMR211NGLFS_SMD,SW_KMR211NGLFS_SMD,antmicro-footprints:SW_KMR211NGLFS_SMD,C&K,KMR211NGLFS,,100109da-d9cc-4221-80aa-646c633b0f9c
SW2,85,som_power.kicad_sch,/f569b0be-0afd-48b7-93ee-28582a4c645c/33df10a9-5b30-4fa6-b34e-d62ce1b48c65,antmicroSlideSwitches:SW_SPDT_PCM12SMTR,SW_SPDT_PCM12SMTR,antmicro-footprints:PCM12SMTR,C&K,PCM12SMTR,,106a2d7e-c6c8-4d3a-9cea-f411cdcf2b2c
U1,86,som_io.kicad_sch,/f569b0be-0afd-48b7-93ee-28582a4c645c/5e8e155a-019a-4868-a371-a2eb1e119b3e,antmicroLogicTranslatorsLevelShifters:NTS0104_DHVQFN,NTS0104_DHVQFN,antmicro-footprints:DHVQFN-14-1EP_2.5x3mm,NXP,NTS0104BQ,,4ec623ad-ac01-4d84-b8d4-e321032afc79
U2,87,expansion_connector.kicad_sch,/f569b0be-0afd-48b7-93ee-28582a4c645c/5fb038ee-4d59-43de-81a4-b4c993aa7149,antmicroMemory:AT24CS01_SOIC8,AT24CS01_SOIC8,antmicro-footprints:SOIC-8_3.9x4.9x1.75mm_P1.27mm,Microchip Technology,AT24CS01-SSHM-B,,2ed2dc38-7c12-41fc-9735-5e1f338c5da0
U3,88,som_power.kicad_sch,/f569b0be-0afd-48b7-93ee-28582a4c645c/33df10a9-5b30-4fa6-b34e-d62ce1b48c65,antmicroClockTimingProgrammableTimersandOscillators:LTC6994CDCB-1_DFN,LTC6994CDCB-1_DFN,antmicro-footprints:DFN-6-1EP_3x2mm_P0.5mm_EP1.65x1.35mm,Analog Devices,LTC6994CDCB-1#TRMPBF,,eab5c7bc-1f01-483f-a08c-e0f44612a1d7
U5,89,som_io.kicad_sch,/f569b0be-0afd-48b7-93ee-28582a4c645c/5e8e155a-019a-4868-a371-a2eb1e119b3e,antmicroLogicTranslatorsLevelShifters:SN74AXC8T245_UQFN,SN74AXC8T245_UQFN,antmicro-footprints:UQFN-24_2x4mm_P0.4mm_Texas_RJW0024A,Texas Instruments,SN74AXC8T245RJWR,,2fdbc8f6-d2d7-425d-9b8e-2b6d82e399ce
U7,90,dcdc.kicad_sch,/f569b0be-0afd-48b7-93ee-28582a4c645c/24bfa3d1-0a03-41a0-8beb-0ef00bfb4ba3,antmicroDCDCConverters:TPS564247DRLR,TPS564247DRLR,antmicro-footprints:SOT-563,Texas Instruments,TPS564247DRLR,,30066831-7a1d-4bbc-b875-f68f9f764904
U8,91,dcdc.kicad_sch,/f569b0be-0afd-48b7-93ee-28582a4c645c/24bfa3d1-0a03-41a0-8beb-0ef00bfb4ba3,antmicroDCDCConverters:SIC437AED-T1-GE3,SIC437AED-T1-GE3,antmicro-footprints:MLP44-24L_4x4x0.75mm,Vishay,SIC437AED-T1-GE3,,d988d38e-5d50-475e-a01c-d23f3536af4a
U9,92,power.kicad_sch,/f569b0be-0afd-48b7-93ee-28582a4c645c/18ddd5dc-52e2-402c-b2e2-8bb33f110eab,antmicroOverUnderVoltageProtection:MAX16013,MAX16013,antmicro-footprints:TDFN-6-1EP_3x3mm_P0.95mm,Analog Devices,MAX16013TT-T,,e4bb82f1-5312-45c1-9513-9b7b69044c93
U11,91,dcdc.kicad_sch,/f569b0be-0afd-48b7-93ee-28582a4c645c/24bfa3d1-0a03-41a0-8beb-0ef00bfb4ba3,antmicroDCDCConverters:SIC437AED-T1-GE3,SIC437AED-T1-GE3,antmicro-footprints:MLP44-24L_4x4x0.75mm,Vishay,SIC437AED-T1-GE3,,d59c9668-f314-45a3-9aee-3d35810b9fa3
U12,91,dcdc.kicad_sch,/f569b0be-0afd-48b7-93ee-28582a4c645c/24bfa3d1-0a03-41a0-8beb-0ef00bfb4ba3,antmicroDCDCConverters:SIC437AED-T1-GE3,SIC437AED-T1-GE3,antmicro-footprints:MLP44-24L_4x4x0.75mm,Vishay,SIC437AED-T1-GE3,,c5c9f4dd-c028-44e3-8140-e941f06d63c6
U13,91,dcdc.kicad_sch,/f569b0be-0afd-48b7-93ee-28582a4c645c/24bfa3d1-0a03-41a0-8beb-0ef00bfb4ba3,antmicroDCDCConverters:SIC437AED-T1-GE3,SIC437AED-T1-GE3,antmicro-footprints:MLP44-24L_4x4x0.75mm,Vishay,SIC437AED-T1-GE3,,e45609d6-74b8-441f-9a63-20c3a7716308
U14,93,peripherals.kicad_sch,/f569b0be-0afd-48b7-93ee-28582a4c645c/f57c04fe-502b-4d07-880b-2cf807d3e5a1,antmicroInterfaceControllers:SLB9673AU20FW2610XTMA1,SLB9673AU20FW2610XTMA1,antmicro-footprints:QFN-32-1EP_5x5mm,Infineon,SLB9673AU20FW2610XTMA1,,5f181f8f-c78a-4767-b54a-28cda8f52150
U16,94,peripherals.kicad_sch,/f569b0be-0afd-48b7-93ee-28582a4c645c/f57c04fe-502b-4d07-880b-2cf807d3e5a1,antmicroTVSDiodes:TPD4E05U06QDQARQ1,TPD4E05U06QDQARQ1,antmicro-footprints:USON-10_2.5x1mm_P0.5mm,Texas Instruments,TPD4E05U06QDQARQ1,,3f81eb1e-84e1-41cb-b526-0b6b0f82763a
U17,94,usb_hub.kicad_sch,/f569b0be-0afd-48b7-93ee-28582a4c645c/3fd0fbfa-9a42-4c7b-8c1c-08c3e88df372,antmicroTVSDiodes:TPD4E05U06QDQARQ1,TPD4E05U06QDQARQ1,antmicro-footprints:USON-10_2.5x1mm_P0.5mm,Texas Instruments,TPD4E05U06QDQARQ1,,4a2b8a4e-6e58-4a10-a7f1-d0202fd3c452
U18,95,usb_hub.kicad_sch,/f569b0be-0afd-48b7-93ee-28582a4c645c/3fd0fbfa-9a42-4c7b-8c1c-08c3e88df372,antmicroPMICPowerDistributionSwitchesLoadDrivers:AP22615A_TSOT26,AP22615A_TSOT26,antmicro-footprints:TSOT23-6,Diodes Incorporated,AP22615AWU-7,,0aec9b4e-4f06-41f1-bd0b-19b32adb45c0
U19,94,usb_hub.kicad_sch,/f569b0be-0afd-48b7-93ee-28582a4c645c/3fd0fbfa-9a42-4c7b-8c1c-08c3e88df372,antmicroTVSDiodes:TPD4E05U06QDQARQ1,TPD4E05U06QDQARQ1,antmicro-footprints:USON-10_2.5x1mm_P0.5mm,Texas Instruments,TPD4E05U06QDQARQ1,,98461538-c352-499d-a775-d14b36a3436e
U20,95,usb_hub.kicad_sch,/f569b0be-0afd-48b7-93ee-28582a4c645c/3fd0fbfa-9a42-4c7b-8c1c-08c3e88df372,antmicroPMICPowerDistributionSwitchesLoadDrivers:AP22615A_TSOT26,AP22615A_TSOT26,antmicro-footprints:TSOT23-6,Diodes Incorporated,AP22615AWU-7,,57fd3078-7f1a-4b2f-91a0-43d8f722fcb3
U21,96,usb_hub.kicad_sch,/f569b0be-0afd-48b7-93ee-28582a4c645c/3fd0fbfa-9a42-4c7b-8c1c-08c3e88df372,antmicroInterfaceControllers:USB7252C,USB7252C,antmicro-footprints:VQFN-100-1EP_12x12x0.85mm_P0.4mm,Microchip Technology,USB7252CT-I/KDX,,19833b08-7a4a-4a61-88d1-ae574d35fbde
U22,97,dcdc.kicad_sch,/f569b0be-0afd-48b7-93ee-28582a4c645c/24bfa3d1-0a03-41a0-8beb-0ef00bfb4ba3,antmicroPowerMeasurement:INA219AIDCNR,INA219AIDCNR,antmicro-footprints:SOT-23-8,Texas Instruments,INA219AIDCNR,,dfb6ed38-74d2-412a-8f47-fe5167c5aadd
U23,95,recovery_usb.kicad_sch,/f569b0be-0afd-48b7-93ee-28582a4c645c/ee0c56cd-dc85-44e4-b5e6-458df3809c6c,antmicroPMICPowerDistributionSwitchesLoadDrivers:AP22615A_TSOT26,AP22615A_TSOT26,antmicro-footprints:TSOT23-6,Diodes Incorporated,AP22615AWU-7,,01cea5eb-8ed7-4d89-99b4-1974871858e3
U24,94,usb_hub.kicad_sch,/f569b0be-0afd-48b7-93ee-28582a4c645c/3fd0fbfa-9a42-4c7b-8c1c-08c3e88df372,antmicroTVSDiodes:TPD4E05U06QDQARQ1,TPD4E05U06QDQARQ1,antmicro-footprints:USON-10_2.5x1mm_P0.5mm,Texas Instruments,TPD4E05U06QDQARQ1,,fdc4a9d7-49fe-4213-b235-af5f08e89443
U25,94,usb_hub.kicad_sch,/f569b0be-0afd-48b7-93ee-28582a4c645c/3fd0fbfa-9a42-4c7b-8c1c-08c3e88df372,antmicroTVSDiodes:TPD4E05U06QDQARQ1,TPD4E05U06QDQARQ1,antmicro-footprints:USON-10_2.5x1mm_P0.5mm,Texas Instruments,TPD4E05U06QDQARQ1,,c712969c-c83c-4ca7-92f4-9ca7c6271e61
U26,94,recovery_usb.kicad_sch,/f569b0be-0afd-48b7-93ee-28582a4c645c/ee0c56cd-dc85-44e4-b5e6-458df3809c6c,antmicroTVSDiodes:TPD4E05U06QDQARQ1,TPD4E05U06QDQARQ1,antmicro-footprints:USON-10_2.5x1mm_P0.5mm,Texas Instruments,TPD4E05U06QDQARQ1,,29322d32-581d-4a48-a250-90f4e7baac78
U27,94,usb_hub.kicad_sch,/f569b0be-0afd-48b7-93ee-28582a4c645c/3fd0fbfa-9a42-4c7b-8c1c-08c3e88df372,antmicroTVSDiodes:TPD4E05U06QDQARQ1,TPD4E05U06QDQARQ1,antmicro-footprints:USON-10_2.5x1mm_P0.5mm,Texas Instruments,TPD4E05U06QDQARQ1,,a3b357b3-9884-4726-bb98-35db5dbd40ae
U28,94,usb_hub.kicad_sch,/f569b0be-0afd-48b7-93ee-28582a4c645c/3fd0fbfa-9a42-4c7b-8c1c-08c3e88df372,antmicroTVSDiodes:TPD4E05U06QDQARQ1,TPD4E05U06QDQARQ1,antmicro-footprints:USON-10_2.5x1mm_P0.5mm,Texas Instruments,TPD4E05U06QDQARQ1,,727b8acd-8e7d-4ab6-8b1a-015afd36fea1
U29,98,usb_debug_pd.kicad_sch,/f569b0be-0afd-48b7-93ee-28582a4c645c/12c19ba5-8fdc-4775-a33b-e8b1ade01b0a,antmicroMemory:W25Q80DV_USON,W25Q80DV_USON,antmicro-footprints:USON-8_2x3mm_P0.5mm,Winbond,W25Q80DVUXIE TR,,a2c152d6-2272-440a-9e70-ff169bd9aec8
U30,99,usb_debug_pd.kicad_sch,/f569b0be-0afd-48b7-93ee-28582a4c645c/12c19ba5-8fdc-4775-a33b-e8b1ade01b0a,antmicroInterfaceControllers:TPS65988DHRSHR,TPS65988DHRSHR,antmicro-footprints:IC_TPS65987DDHRSHR,Texas Instruments,TPS65988DHRSHR,,1b28da22-bf3b-491c-a1c3-d55b1c37c668
U31,100,usb_debug_pd.kicad_sch,/f569b0be-0afd-48b7-93ee-28582a4c645c/12c19ba5-8fdc-4775-a33b-e8b1ade01b0a,antmicroLogicTranslatorsLevelShifters:NTS0102_XSON,NTS0102_XSON,antmicro-footprints:XSON-8_1x1.95mm_P0.5mm,NXP,NTS0102GT,,8f27949d-0557-4d2e-8990-20463811b9fb
U32,101,usb_debug_pd.kicad_sch,/f569b0be-0afd-48b7-93ee-28582a4c645c/12c19ba5-8fdc-4775-a33b-e8b1ade01b0a,antmicroPMICVoltageRegulatorsLinear:NCP718BSN330T1G,NCP718BSN330T1G,antmicro-footprints:SOT-23-5,ON Semiconductor,NCP718BSN330T1G,,83704fa9-0327-41c3-a1b3-afc542451c90
U33,102,usb_dp.kicad_sch,/f569b0be-0afd-48b7-93ee-28582a4c645c/79924a89-4330-4c0a-9aa5-2a2f90ef321b,antmicroInterfaceControllers:TUSB1046-DCIRNQ,TUSB1046-DCIRNQ,antmicro-footprints:WQFN-40_1EP_6x3mm_Pitch0.4mm_EP4.7x2.7mm,Texas Instruments,TUSB1046-DCIRNQT,,45cf804e-cf89-46cb-9770-5c0a97549622
U34,103,usb_debug_pd.kicad_sch,/f569b0be-0afd-48b7-93ee-28582a4c645c/12c19ba5-8fdc-4775-a33b-e8b1ade01b0a,antmicroInterfaceControllers:FT230X_QFN,FT230X_QFN,antmicro-footprints:QFN-16-1EP_4x4mm_P0.65mm,FTDI Chip,FT230XQ-R,,6cb53c35-2821-4bf1-8fce-82ca41d51950
U35,95,usb_dp.kicad_sch,/f569b0be-0afd-48b7-93ee-28582a4c645c/79924a89-4330-4c0a-9aa5-2a2f90ef321b,antmicroPMICPowerDistributionSwitchesLoadDrivers:AP22615A_TSOT26,AP22615A_TSOT26,antmicro-footprints:TSOT23-6,Diodes Incorporated,AP22615AWU-7,,4eae13ee-5655-4a8c-b5e5-6047dd4a8310
U36,94,usb_dp.kicad_sch,/f569b0be-0afd-48b7-93ee-28582a4c645c/79924a89-4330-4c0a-9aa5-2a2f90ef321b,antmicroTVSDiodes:TPD4E05U06QDQARQ1,TPD4E05U06QDQARQ1,antmicro-footprints:USON-10_2.5x1mm_P0.5mm,Texas Instruments,TPD4E05U06QDQARQ1,,7474c18b-008f-4992-bac7-4a6d6a9391b1
U37,94,usb_dp.kicad_sch,/f569b0be-0afd-48b7-93ee-28582a4c645c/79924a89-4330-4c0a-9aa5-2a2f90ef321b,antmicroTVSDiodes:TPD4E05U06QDQARQ1,TPD4E05U06QDQARQ1,antmicro-footprints:USON-10_2.5x1mm_P0.5mm,Texas Instruments,TPD4E05U06QDQARQ1,,1ff82821-3777-4ea3-94c2-3cde78073d17
U38,94,usb_dp.kicad_sch,/f569b0be-0afd-48b7-93ee-28582a4c645c/79924a89-4330-4c0a-9aa5-2a2f90ef321b,antmicroTVSDiodes:TPD4E05U06QDQARQ1,TPD4E05U06QDQARQ1,antmicro-footprints:USON-10_2.5x1mm_P0.5mm,Texas Instruments,TPD4E05U06QDQARQ1,,5b4cf237-a9c3-4d30-a030-bdc91fba5b47
U40,95,usb_debug_pd.kicad_sch,/f569b0be-0afd-48b7-93ee-28582a4c645c/12c19ba5-8fdc-4775-a33b-e8b1ade01b0a,antmicroPMICPowerDistributionSwitchesLoadDrivers:AP22615A_TSOT26,AP22615A_TSOT26,antmicro-footprints:TSOT23-6,Diodes Incorporated,AP22615AWU-7,,6c7d5365-dadf-4bc8-bff6-36a852391177
U41,94,usb_dp.kicad_sch,/f569b0be-0afd-48b7-93ee-28582a4c645c/79924a89-4330-4c0a-9aa5-2a2f90ef321b,antmicroTVSDiodes:TPD4E05U06QDQARQ1,TPD4E05U06QDQARQ1,antmicro-footprints:USON-10_2.5x1mm_P0.5mm,Texas Instruments,TPD4E05U06QDQARQ1,,cef0021a-b529-4274-9236-80405b18fb91
U42,94,usb_debug_pd.kicad_sch,/f569b0be-0afd-48b7-93ee-28582a4c645c/12c19ba5-8fdc-4775-a33b-e8b1ade01b0a,antmicroTVSDiodes:TPD4E05U06QDQARQ1,TPD4E05U06QDQARQ1,antmicro-footprints:USON-10_2.5x1mm_P0.5mm,Texas Instruments,TPD4E05U06QDQARQ1,,79bc5032-ae2f-4a40-a8ed-dcf88ede826f
U43,104,csi.kicad_sch,/f569b0be-0afd-48b7-93ee-28582a4c645c/5735e52d-0a61-43fd-a7c9-5087dffafe64,antmicroLogicSignalSwitchesMultiplexersDecoders:PI4MSD5V9548AZDEX,PI4MSD5V9548AZDEX,antmicro-footprints:VQFN-24-1EP_3.8x3.8x1.0mm_P0.5mm,Diodes Incorporated,PI4MSD5V9548AZDEX,,160af518-5a6a-41a1-8c94-2403ded9d33d
U44,95,csi.kicad_sch,/f569b0be-0afd-48b7-93ee-28582a4c645c/5735e52d-0a61-43fd-a7c9-5087dffafe64,antmicroPMICPowerDistributionSwitchesLoadDrivers:AP22615A_TSOT26,AP22615A_TSOT26,antmicro-footprints:TSOT23-6,Diodes Incorporated,AP22615AWU-7,,50b66c97-f7ea-4a8e-866b-3e5f3329aa14
U45,95,csi.kicad_sch,/f569b0be-0afd-48b7-93ee-28582a4c645c/5735e52d-0a61-43fd-a7c9-5087dffafe64,antmicroPMICPowerDistributionSwitchesLoadDrivers:AP22615A_TSOT26,AP22615A_TSOT26,antmicro-footprints:TSOT23-6,Diodes Incorporated,AP22615AWU-7,,5abeffdf-ec7a-4595-98ec-eef2a5d6fbd3
U46,95,csi.kicad_sch,/f569b0be-0afd-48b7-93ee-28582a4c645c/5735e52d-0a61-43fd-a7c9-5087dffafe64,antmicroPMICPowerDistributionSwitchesLoadDrivers:AP22615A_TSOT26,AP22615A_TSOT26,antmicro-footprints:TSOT23-6,Diodes Incorporated,AP22615AWU-7,,313d871e-aece-4d97-af92-4fe1b84ee161
U47,95,csi.kicad_sch,/f569b0be-0afd-48b7-93ee-28582a4c645c/5735e52d-0a61-43fd-a7c9-5087dffafe64,antmicroPMICPowerDistributionSwitchesLoadDrivers:AP22615A_TSOT26,AP22615A_TSOT26,antmicro-footprints:TSOT23-6,Diodes Incorporated,AP22615AWU-7,,a6312bd1-541f-4c64-98d3-7e1e82f7478f
U48,100,csi.kicad_sch,/f569b0be-0afd-48b7-93ee-28582a4c645c/5735e52d-0a61-43fd-a7c9-5087dffafe64,antmicroLogicTranslatorsLevelShifters:NTS0102_XSON,NTS0102_XSON,antmicro-footprints:XSON-8_1x1.95mm_P0.5mm,NXP,NTS0102GT,,e15a4fba-9b13-44ac-8c8d-d267bb70c732
U49,100,csi.kicad_sch,/f569b0be-0afd-48b7-93ee-28582a4c645c/5735e52d-0a61-43fd-a7c9-5087dffafe64,antmicroLogicTranslatorsLevelShifters:NTS0102_XSON,NTS0102_XSON,antmicro-footprints:XSON-8_1x1.95mm_P0.5mm,NXP,NTS0102GT,,f2b399c8-2915-4657-a984-d0e81f5f5984
U50,97,dcdc.kicad_sch,/f569b0be-0afd-48b7-93ee-28582a4c645c/24bfa3d1-0a03-41a0-8beb-0ef00bfb4ba3,antmicroPowerMeasurement:INA219AIDCNR,INA219AIDCNR,antmicro-footprints:SOT-23-8,Texas Instruments,INA219AIDCNR,,3352682a-02b5-4acd-a75e-f42ff6b414df
U51,100,peripherals.kicad_sch,/f569b0be-0afd-48b7-93ee-28582a4c645c/f57c04fe-502b-4d07-880b-2cf807d3e5a1,antmicroLogicTranslatorsLevelShifters:NTS0102_XSON,NTS0102_XSON,antmicro-footprints:XSON-8_1x1.95mm_P0.5mm,NXP,NTS0102GT,,26ea78c9-3bbc-491d-8ef9-9ff7a4dc3ea4
U53,95,peripherals.kicad_sch,/f569b0be-0afd-48b7-93ee-28582a4c645c/f57c04fe-502b-4d07-880b-2cf807d3e5a1,antmicroPMICPowerDistributionSwitchesLoadDrivers:AP22615A_TSOT26,AP22615A_TSOT26,antmicro-footprints:TSOT23-6,Diodes Incorporated,AP22615AWU-7,,655f7214-bc35-4a83-bb95-a791e57f1d04
U54,87,peripherals.kicad_sch,/f569b0be-0afd-48b7-93ee-28582a4c645c/f57c04fe-502b-4d07-880b-2cf807d3e5a1,antmicroMemory:AT24CS01_SOIC8,AT24CS01_SOIC8,antmicro-footprints:SOIC-8_3.9x4.9x1.75mm_P1.27mm,Microchip Technology,AT24CS01-SSHM-B,,3c655643-0fb8-4f83-8612-2fba1b693170
U55,95,peripherals.kicad_sch,/f569b0be-0afd-48b7-93ee-28582a4c645c/f57c04fe-502b-4d07-880b-2cf807d3e5a1,antmicroPMICPowerDistributionSwitchesLoadDrivers:AP22615A_TSOT26,AP22615A_TSOT26,antmicro-footprints:TSOT23-6,Diodes Incorporated,AP22615AWU-7,,11d297ee-7845-4c95-ab87-b0f7300b4cd3
U56,105,recovery_usb.kicad_sch,/f569b0be-0afd-48b7-93ee-28582a4c645c/ee0c56cd-dc85-44e4-b5e6-458df3809c6c,antmicroInterfaceControllers:HD3SS3220IRNHR,HD3SS3220IRNHR,antmicro-footprints:WQFN-30-1EP_4.6x2.6mm_P0.4mm,Texas Instruments,HD3SS3220IRNHR,,0ad56db1-9cec-4e6a-b6da-fe457777a348
U57,94,recovery_usb.kicad_sch,/f569b0be-0afd-48b7-93ee-28582a4c645c/ee0c56cd-dc85-44e4-b5e6-458df3809c6c,antmicroTVSDiodes:TPD4E05U06QDQARQ1,TPD4E05U06QDQARQ1,antmicro-footprints:USON-10_2.5x1mm_P0.5mm,Texas Instruments,TPD4E05U06QDQARQ1,,8805e180-d2f6-459b-9963-93c76661db15
U58,94,recovery_usb.kicad_sch,/f569b0be-0afd-48b7-93ee-28582a4c645c/ee0c56cd-dc85-44e4-b5e6-458df3809c6c,antmicroTVSDiodes:TPD4E05U06QDQARQ1,TPD4E05U06QDQARQ1,antmicro-footprints:USON-10_2.5x1mm_P0.5mm,Texas Instruments,TPD4E05U06QDQARQ1,,5a949fdd-059a-4321-9c1e-f13f2927add0
U60,97,dcdc.kicad_sch,/f569b0be-0afd-48b7-93ee-28582a4c645c/24bfa3d1-0a03-41a0-8beb-0ef00bfb4ba3,antmicroPowerMeasurement:INA219AIDCNR,INA219AIDCNR,antmicro-footprints:SOT-23-8,Texas Instruments,INA219AIDCNR,,77cddbca-1788-4f1a-a98b-2b3ea4cea9ec
U63,106,power.kicad_sch,/f569b0be-0afd-48b7-93ee-28582a4c645c/18ddd5dc-52e2-402c-b2e2-8bb33f110eab,antmicroPMICORControllersIdealDiodes:LTC4412IS6,LTC4412IS6,antmicro-footprints:SOT-23-6,Analog Devices,LTC4412IS6#TRMPBF,,e88a871a-497e-4ec4-85a0-d89f5bc4a29b
U64,106,power.kicad_sch,/f569b0be-0afd-48b7-93ee-28582a4c645c/18ddd5dc-52e2-402c-b2e2-8bb33f110eab,antmicroPMICORControllersIdealDiodes:LTC4412IS6,LTC4412IS6,antmicro-footprints:SOT-23-6,Analog Devices,LTC4412IS6#TRMPBF,,186e7fa8-9a39-44c5-a4ad-89a7ca9d7967
U65,91,dcdc.kicad_sch,/f569b0be-0afd-48b7-93ee-28582a4c645c/24bfa3d1-0a03-41a0-8beb-0ef00bfb4ba3,antmicroDCDCConverters:SIC437AED-T1-GE3,SIC437AED-T1-GE3,antmicro-footprints:MLP44-24L_4x4x0.75mm,Vishay,SIC437AED-T1-GE3,,299537e6-d582-4d1c-a178-d2327849710e
U66,97,dcdc.kicad_sch,/f569b0be-0afd-48b7-93ee-28582a4c645c/24bfa3d1-0a03-41a0-8beb-0ef00bfb4ba3,antmicroPowerMeasurement:INA219AIDCNR,INA219AIDCNR,antmicro-footprints:SOT-23-8,Texas Instruments,INA219AIDCNR,,6384817c-0f10-479d-bdf7-256e670f63fb
U67,94,peripherals.kicad_sch,/f569b0be-0afd-48b7-93ee-28582a4c645c/f57c04fe-502b-4d07-880b-2cf807d3e5a1,antmicroTVSDiodes:TPD4E05U06QDQARQ1,TPD4E05U06QDQARQ1,antmicro-footprints:USON-10_2.5x1mm_P0.5mm,Texas Instruments,TPD4E05U06QDQARQ1,,94e7b78c-1b43-49a1-8ccd-75d76325edaf
U68,94,peripherals.kicad_sch,/f569b0be-0afd-48b7-93ee-28582a4c645c/f57c04fe-502b-4d07-880b-2cf807d3e5a1,antmicroTVSDiodes:TPD4E05U06QDQARQ1,TPD4E05U06QDQARQ1,antmicro-footprints:USON-10_2.5x1mm_P0.5mm,Texas Instruments,TPD4E05U06QDQARQ1,,99589c51-dac5-4874-bb9b-6cb5915cabcd
U69,90,dcdc.kicad_sch,/f569b0be-0afd-48b7-93ee-28582a4c645c/24bfa3d1-0a03-41a0-8beb-0ef00bfb4ba3,antmicroDCDCConverters:TPS564247DRLR,TPS564247DRLR,antmicro-footprints:SOT-563,Texas Instruments,TPS564247DRLR,,c3c12175-c591-459b-9995-857ef62b1acb
U70,107,som_power.kicad_sch,/f569b0be-0afd-48b7-93ee-28582a4c645c/33df10a9-5b30-4fa6-b34e-d62ce1b48c65,antmicroPMICPowerSequencers:MAX16150A_SOT,MAX16150A_SOT,antmicro-footprints:SOT-23-6,Maxim Integrated Products,MAX16150AUT+T,,374296a7-bb90-4fdb-90e2-c1954c80972c
U71,108,peripherals.kicad_sch,/f569b0be-0afd-48b7-93ee-28582a4c645c/f57c04fe-502b-4d07-880b-2cf807d3e5a1,antmicroInterfaceIOExpanders:PCAL6408A_VQFN,PCAL6408A_VQFN,antmicro-footprints:VQFN-16-1EP_3x3mm_P0.5mm_EP1.68x1.68mm,NXP,PCAL6408ABSHP,,0b466515-698c-44bb-b4c5-2d0e2ac80a76
U72,109,som_power.kicad_sch,/f569b0be-0afd-48b7-93ee-28582a4c645c/33df10a9-5b30-4fa6-b34e-d62ce1b48c65,antmicroPMICPowerSequencers:TPS3840PL30DBVR,TPS3840PL30DBVR,antmicro-footprints:SOT-23-5,Texas Instruments,TPS3840PL30DBVR,,4cb6020e-86e4-4cbc-9f9c-bd30f06db53d
U73,94,sfp.kicad_sch,/f569b0be-0afd-48b7-93ee-28582a4c645c/a94d9c53-c5ac-439c-b57f-c8751a5ad590,antmicroTVSDiodes:TPD4E05U06QDQARQ1,TPD4E05U06QDQARQ1,antmicro-footprints:USON-10_2.5x1mm_P0.5mm,Texas Instruments,TPD4E05U06QDQARQ1,,269aee1e-a655-4c03-a92f-99dd9d357b79
U74,110,som_power.kicad_sch,/f569b0be-0afd-48b7-93ee-28582a4c645c/33df10a9-5b30-4fa6-b34e-d62ce1b48c65,antmicroLogicBuffersDriversReceiversTransceivers:SN74LVC2G07DCKR,SN74LVC2G07DCKR,antmicro-footprints:SC-70-6,Texas Instruments,SN74LVC2G07DCKR,,398d00d9-88bf-4299-bb1c-117fbba8f697
U75,91,dcdc.kicad_sch,/f569b0be-0afd-48b7-93ee-28582a4c645c/24bfa3d1-0a03-41a0-8beb-0ef00bfb4ba3,antmicroDCDCConverters:SIC437AED-T1-GE3,SIC437AED-T1-GE3,antmicro-footprints:MLP44-24L_4x4x0.75mm,Vishay,SIC437AED-T1-GE3,,5559aec0-5e3e-49de-b657-bbc51ea28b9b
U76,97,dcdc.kicad_sch,/f569b0be-0afd-48b7-93ee-28582a4c645c/24bfa3d1-0a03-41a0-8beb-0ef00bfb4ba3,antmicroPowerMeasurement:INA219AIDCNR,INA219AIDCNR,antmicro-footprints:SOT-23-8,Texas Instruments,INA219AIDCNR,,c6a25643-5c77-4fc5-8de4-7f40053b02f1
U78,89,som_io.kicad_sch,/f569b0be-0afd-48b7-93ee-28582a4c645c/5e8e155a-019a-4868-a371-a2eb1e119b3e,antmicroLogicTranslatorsLevelShifters:SN74AXC8T245_UQFN,SN74AXC8T245_UQFN,antmicro-footprints:UQFN-24_2x4mm_P0.4mm_Texas_RJW0024A,Texas Instruments,SN74AXC8T245RJWR,,ce03bb71-8002-443d-8a50-39f73433d3aa
U79,111,power.kicad_sch,/f569b0be-0afd-48b7-93ee-28582a4c645c/18ddd5dc-52e2-402c-b2e2-8bb33f110eab,antmicroPMICVoltageRegulatorsLinear:LD39100PUR,LD39100PUR,antmicro-footprints:DFN-6-1EP_3x3mm_P1mm_EP1.5x2.4mm,STMicroelectronics,LD39100PUR,,d8996b06-e0d2-47e4-b0ec-bddcf32a91a9
U80,86,som_io.kicad_sch,/f569b0be-0afd-48b7-93ee-28582a4c645c/5e8e155a-019a-4868-a371-a2eb1e119b3e,antmicroLogicTranslatorsLevelShifters:NTS0104_DHVQFN,NTS0104_DHVQFN,antmicro-footprints:DHVQFN-14-1EP_2.5x3mm,NXP,NTS0104BQ,,3003bb70-9451-4ad7-9de9-25461f7c3270
Y1,112,som_io2.kicad_sch,/f569b0be-0afd-48b7-93ee-28582a4c645c/656db8bb-c788-4c93-9592-ce18fa1a48a2,antmicroOscillators:Oscillator_100MHz_NX324,Oscillator_100MHz_NX324,antmicro-footprints:Oscillator_SMD_Abracon_AX3_3.2x2.5x1mm,Diodes Incorporated,NX3241E0100.000000,,18424257-1b96-4312-8f42-ddf458ec6831
Y2,113,usb_hub.kicad_sch,/f569b0be-0afd-48b7-93ee-28582a4c645c/3fd0fbfa-9a42-4c7b-8c1c-08c3e88df372,antmicroOscillators:Oscillator_25MHz_ESC_2016MV,Oscillator_25MHz_ESC_2016MV,antmicro-footprints:Oscillator_SMD_ECS_2016MV_2x1.6x0.85mm,ECS Inc. International,ECS-2016MV-250-CN-TR,,b149361f-9ad3-4f0e-99cb-2cc9e1297a3c
Y3,114,m2.kicad_sch,/f569b0be-0afd-48b7-93ee-28582a4c645c/456a2f48-4934-4d0e-aaf0-f39b01ccc0c1,antmicroOscillators:Oscillator_32.768kHz_ECS_2520MV,Oscillator_32.768kHz_ECS_2520MV,antmicro-footprints:Oscillator_SMD_ECS_2520MV_2.5x2mm,ECS Inc. International,ECS-327MVATX-2-CN-TR3,,0c6494ba-ee9d-486a-b363-667ae9bf73a0
Y5,115,som_io2.kicad_sch,/f569b0be-0afd-48b7-93ee-28582a4c645c/656db8bb-c788-4c93-9592-ce18fa1a48a2,antmicroOscillators:Oscillator_156.25MHz_AK3LPHEF1,Oscillator_156.25MHz_AK3LPHEF1,antmicro-footprints:Oscillator_SMD_Abracon_AK3LPHEF1_3.2x2.5x1mm,Abracon,AK3LPHEF1-156.2500T,,d12b1b39-cdae-4a12-88fb-f1faf335f4fd
